Datum;Niederschlag in mm;;;;;;;;
02.01.2013;4,9;;;;;;;;
03.01.2013;0,8;;;;;;;;
04.01.2013;1,4;;;;;;;;
05.01.2013;11,2;;;;;;;;
06.01.2013;1,2;;;;;;;;
07.01.2013;1,7;;;;;;;;
08.01.2013;0,7;;;;;;;;
09.01.2013;2,8;;;;;;;;
10.01.2013;7,9;;;;;;;;
11.01.2013;0,4;;;;;;;;
12.01.2013;1,9;;;;;;;;
13.01.2013;0,6;;;;;;;;
14.01.2013;0,2;;;;;;;;
15.01.2013;0,4;;;;;;;;
16.01.2013;0,5;;;;;;;;
17.01.2013;0;;;;;;;;
18.01.2013;0,2;;;;;;;;
19.01.2013;0,1;;;;;;;;
20.01.2013;0;;;;;;;;
21.01.2013;0;;;;;;;;
22.01.2013;0;;;;;;;;
23.01.2013;0;;;;;;;;
24.01.2013;0;;;;;;;;
25.01.2013;0;;;;;;;;
26.01.2013;0;;;;;;;;
27.01.2013;0,4;;;;;;;;
28.01.2013;2,7;;;;;;;;
29.01.2013;0;;;;;;;;
30.01.2013;5,5;;;;;;;;
31.01.2013;12,8;;;;;;;;
01.02.2013;8,8;;;;;;;;
02.02.2013;6,4;;;;;;;;
03.02.2013;1,3;;;;;;;;
04.02.2013;3,9;;;;;;;;
05.02.2013;5,8;;;;;;;;
06.02.2013;6,6;;;;;;;;
07.02.2013;2,1;;;;;;;;
08.02.2013;1,2;;;;;;;;
09.02.2013;1,7;;;;;;;;
10.02.2013;0,6;;;;;;;;
11.02.2013;0;;;;;;;;
12.02.2013;0;;;;;;;;
13.02.2013;1,3;;;;;;;;
14.02.2013;0,2;;;;;;;;
15.02.2013;0;;;;;;;;
16.02.2013;0,1;;;;;;;;
17.02.2013;0,1;;;;;;;;
18.02.2013;0;;;;;;;;
19.02.2013;1,9;;;;;;;;
20.02.2013;3,4;;;;;;;;
21.02.2013;0,1;;;;;;;;
22.02.2013;0,4;;;;;;;;
23.02.2013;0,7;;;;;;;;
24.02.2013;0,2;;;;;;;;
25.02.2013;1,8;;;;;;;;
26.02.2013;0;;;;;;;;
27.02.2013;0;;;;;;;;
28.02.2013;0;;;;;;;;
01.03.2013;0,1;;;;;;;;
02.03.2013;0;;;;;;;;
03.03.2013;0,1;;;;;;;;
04.03.2013;0;;;;;;;;
05.03.2013;0;;;;;;;;
06.03.2013;0;;;;;;;;
07.03.2013;0;;;;;;;;
08.03.2013;0;;;;;;;;
09.03.2013;1,6;;;;;;;;
10.03.2013;4,5;;;;;;;;
11.03.2013;1,4;;;;;;;;
12.03.2013;5,8;;;;;;;;
13.03.2013;0,6;;;;;;;;
14.03.2013;0;;;;;;;;
15.03.2013;0;;;;;;;;
16.03.2013;0;;;;;;;;
17.03.2013;0;;;;;;;;
18.03.2013;0;;;;;;;;
19.03.2013;1,3;;;;;;;;
20.03.2013;3;;;;;;;;
21.03.2013;0,3;;;;;;;;
22.03.2013;0,3;;;;;;;;
23.03.2013;1,4;;;;;;;;
24.03.2013;0;;;;;;;;
25.03.2013;0;;;;;;;;
26.03.2013;0;;;;;;;;
27.03.2013;0;;;;;;;;
28.03.2013;0;;;;;;;;
29.03.2013;0;;;;;;;;
30.03.2013;0,8;;;;;;;;
31.03.2013;0,2;;;;;;;;
01.04.2013;0;;;;;;;;
02.04.2013;0;;;;;;;;
03.04.2013;0;;;;;;;;
04.04.2013;0;;;;;;;;
05.04.2013;0;;;;;;;;
06.04.2013;0;;;;;;;;
07.04.2013;0;;;;;;;;
08.04.2013;0;;;;;;;;
09.04.2013;0;;;;;;;;
10.04.2013;0;;;;;;;;
11.04.2013;5,1;;;;;;;;
12.04.2013;3,3;;;;;;;;
13.04.2013;1,1;;;;;;;;
14.04.2013;2,2;;;;;;;;
15.04.2013;0;;;;;;;;
16.04.2013;5,4;;;;;;;;
17.04.2013;0;;;;;;;;
18.04.2013;0;;;;;;;;
19.04.2013;0;;;;;;;;
20.04.2013;0;;;;;;;;
21.04.2013;0;;;;;;;;
22.04.2013;0;;;;;;;;
23.04.2013;0,1;;;;;;;;
24.04.2013;0;;;;;;;;
25.04.2013;0;;;;;;;;
26.04.2013;0,5;;;;;;;;
27.04.2013;12,2;;;;;;;;
28.04.2013;0;;;;;;;;
29.04.2013;0;;;;;;;;
30.04.2013;0;;;;;;;;
01.05.2013;0;;;;;;;;
02.05.2013;0;;;;;;;;
03.05.2013;0;;;;;;;;
04.05.2013;0;;;;;;;;
05.05.2013;0;;;;;;;;
06.05.2013;0;;;;;;;;
07.05.2013;0;;;;;;;;
08.05.2013;5,4;;;;;;;;
09.05.2013;0,2;;;;;;;;
10.05.2013;0,2;;;;;;;;
11.05.2013;0;;;;;;;;
12.05.2013;0,7;;;;;;;;
13.05.2013;0;;;;;;;;
14.05.2013;5,5;;;;;;;;
15.05.2013;0,2;;;;;;;;
16.05.2013;1,7;;;;;;;;
17.05.2013;0;;;;;;;;
18.05.2013;0,2;;;;;;;;
19.05.2013;3,4;;;;;;;;
20.05.2013;0,1;;;;;;;;
21.05.2013;0,5;;;;;;;;
22.05.2013;22;;;;;;;;
23.05.2013;33,2;;;;;;;;
24.05.2013;0,3;;;;;;;;
25.05.2013;0;;;;;;;;
26.05.2013;16;;;;;;;;
27.05.2013;12,7;;;;;;;;
28.05.2013;0,2;;;;;;;;
29.05.2013;0,4;;;;;;;;
30.05.2013;3,1;;;;;;;;
31.05.2013;0,1;;;;;;;;
01.06.2013;0;;;;;;;;
02.06.2013;1,8;;;;;;;;
03.06.2013;0;;;;;;;;
04.06.2013;0;;;;;;;;
05.06.2013;0;;;;;;;;
06.06.2013;0;;;;;;;;
07.06.2013;0;;;;;;;;
08.06.2013;0;;;;;;;;
09.06.2013;0;;;;;;;;
10.06.2013;0;;;;;;;;
11.06.2013;0;;;;;;;;
12.06.2013;0;;;;;;;;
13.06.2013;0;;;;;;;;
14.06.2013;14,6;;;;;;;;
15.06.2013;0;;;;;;;;
16.06.2013;6,5;;;;;;;;
17.06.2013;0,2;;;;;;;;
18.06.2013;0;;;;;;;;
19.06.2013;0;;;;;;;;
20.06.2013;18,8;;;;;;;;
21.06.2013;2,1;;;;;;;;
22.06.2013;1,6;;;;;;;;
23.06.2013;0,4;;;;;;;;
24.06.2013;1,7;;;;;;;;
25.06.2013;0;;;;;;;;
26.06.2013;2,4;;;;;;;;
27.06.2013;0;;;;;;;;
28.06.2013;0,3;;;;;;;;
29.06.2013;0,8;;;;;;;;
30.06.2013;3,8;;;;;;;;
01.07.2013;0,9;;;;;;;;
02.07.2013;0,9;;;;;;;;
03.07.2013;0,9;;;;;;;;
04.07.2013;0,4;;;;;;;;
05.07.2013;0,4;;;;;;;;
06.07.2013;0;;;;;;;;
07.07.2013;0;;;;;;;;
08.07.2013;0;;;;;;;;
09.07.2013;0;;;;;;;;
10.07.2013;0;;;;;;;;
11.07.2013;0;;;;;;;;
12.07.2013;0;;;;;;;;
13.07.2013;0;;;;;;;;
14.07.2013;0;;;;;;;;
15.07.2013;0,1;;;;;;;;
16.07.2013;0;;;;;;;;
17.07.2013;0;;;;;;;;
18.07.2013;0;;;;;;;;
19.07.2013;0;;;;;;;;
20.07.2013;0;;;;;;;;
21.07.2013;0;;;;;;;;
22.07.2013;0;;;;;;;;
23.07.2013;0;;;;;;;;
24.07.2013;0;;;;;;;;
25.07.2013;1,5;;;;;;;;
26.07.2013;0,5;;;;;;;;
27.07.2013;0;;;;;;;;
28.07.2013;0,5;;;;;;;;
29.07.2013;0,5;;;;;;;;
30.07.2013;3,3;;;;;;;;
31.07.2013;9,4;;;;;;;;
01.08.2013;2,3;;;;;;;;
02.08.2013;1,2;;;;;;;;
03.08.2013;0;;;;;;;;
04.08.2013;0,4;;;;;;;;
05.08.2013;0,2;;;;;;;;
06.08.2013;0;;;;;;;;
07.08.2013;0;;;;;;;;
08.08.2013;0;;;;;;;;
09.08.2013;0,2;;;;;;;;
10.08.2013;0;;;;;;;;
11.08.2013;0,1;;;;;;;;
12.08.2013;4,5;;;;;;;;
13.08.2013;0;;;;;;;;
14.08.2013;4,9;;;;;;;;
15.08.2013;3,4;;;;;;;;
16.08.2013;0,1;;;;;;;;
17.08.2013;0;;;;;;;;
18.08.2013;0;;;;;;;;
19.08.2013;2,3;;;;;;;;
20.08.2013;6;;;;;;;;
21.08.2013;0;;;;;;;;
22.08.2013;0;;;;;;;;
23.08.2013;0;;;;;;;;
24.08.2013;0;;;;;;;;
25.08.2013;0;;;;;;;;
26.08.2013;0;;;;;;;;
27.08.2013;0;;;;;;;;
28.08.2013;0;;;;;;;;
29.08.2013;0;;;;;;;;
30.08.2013;0;;;;;;;;
31.08.2013;0;;;;;;;;
01.09.2013;3,3;;;;;;;;
02.09.2013;4,4;;;;;;;;
03.09.2013;9,9;;;;;;;;
04.09.2013;0,1;;;;;;;;
05.09.2013;0;;;;;;;;
06.09.2013;0;;;;;;;;
07.09.2013;0;;;;;;;;
08.09.2013;0;;;;;;;;
09.09.2013;0,5;;;;;;;;
10.09.2013;17,2;;;;;;;;
11.09.2013;2;;;;;;;;
12.09.2013;1,2;;;;;;;;
13.09.2013;0,5;;;;;;;;
14.09.2013;0;;;;;;;;
15.09.2013;1,1;;;;;;;;
16.09.2013;1;;;;;;;;
17.09.2013;2,7;;;;;;;;
18.09.2013;0;;;;;;;;
19.09.2013;7,3;;;;;;;;
20.09.2013;1,9;;;;;;;;
21.09.2013;1;;;;;;;;
22.09.2013;0,2;;;;;;;;
23.09.2013;0,1;;;;;;;;
24.09.2013;0,1;;;;;;;;
25.09.2013;2,1;;;;;;;;
26.09.2013;7,9;;;;;;;;
27.09.2013;2,7;;;;;;;;
28.09.2013;0,5;;;;;;;;
29.09.2013;0;;;;;;;;
30.09.2013;0;;;;;;;;
01.10.2013;0;;;;;;;;
02.10.2013;0;;;;;;;;
03.10.2013;0;;;;;;;;
04.10.2013;0;;;;;;;;
05.10.2013;1,7;;;;;;;;
06.10.2013;0;;;;;;;;
07.10.2013;0;;;;;;;;
08.10.2013;0;;;;;;;;
09.10.2013;0;;;;;;;;
10.10.2013;2,7;;;;;;;;
11.10.2013;0,2;;;;;;;;
12.10.2013;0;;;;;;;;
13.10.2013;14,2;;;;;;;;
14.10.2013;0;;;;;;;;
15.10.2013;0;;;;;;;;
16.10.2013;2,6;;;;;;;;
17.10.2013;0,3;;;;;;;;
18.10.2013;8,9;;;;;;;;
19.10.2013;0;;;;;;;;
20.10.2013;0,4;;;;;;;;
21.10.2013;2,1;;;;;;;;
22.10.2013;8,6;;;;;;;;
23.10.2013;0;;;;;;;;
24.10.2013;0,2;;;;;;;;
25.10.2013;0;;;;;;;;
26.10.2013;0,9;;;;;;;;
27.10.2013;0,4;;;;;;;;
28.10.2013;0,4;;;;;;;;
29.10.2013;4,3;;;;;;;;
30.10.2013;5,8;;;;;;;;
31.10.2013;0;;;;;;;;
01.11.2013;0;;;;;;;;
02.11.2013;1,5;;;;;;;;
03.11.2013;5,4;;;;;;;;
04.11.2013;5,9;;;;;;;;
05.11.2013;19,3;;;;;;;;
06.11.2013;0,9;;;;;;;;
07.11.2013;3,6;;;;;;;;
08.11.2013;9,3;;;;;;;;
09.11.2013;0;;;;;;;;
10.11.2013;2,5;;;;;;;;
11.11.2013;3,9;;;;;;;;
12.11.2013;0;;;;;;;;
13.11.2013;0,9;;;;;;;;
14.11.2013;0;;;;;;;;
15.11.2013;0;;;;;;;;
16.11.2013;0;;;;;;;;
17.11.2013;0;;;;;;;;
18.11.2013;0;;;;;;;;
19.11.2013;0,3;;;;;;;;
20.11.2013;0,1;;;;;;;;
21.11.2013;0;;;;;;;;
22.11.2013;0;;;;;;;;
23.11.2013;0,8;;;;;;;;
24.11.2013;1,5;;;;;;;;
25.11.2013;0,3;;;;;;;;
26.11.2013;0;;;;;;;;
27.11.2013;0;;;;;;;;
28.11.2013;0,8;;;;;;;;
29.11.2013;0;;;;;;;;
30.11.2013;4,7;;;;;;;;
01.12.2013;4,3;;;;;;;;
02.12.2013;0;;;;;;;;
03.12.2013;0;;;;;;;;
04.12.2013;0;;;;;;;;
05.12.2013;0,9;;;;;;;;
06.12.2013;9,3;;;;;;;;
07.12.2013;6,1;;;;;;;;
08.12.2013;0;;;;;;;;
09.12.2013;7,6;;;;;;;;
10.12.2013;5,9;;;;;;;;
11.12.2013;0,2;;;;;;;;
12.12.2013;0;;;;;;;;
13.12.2013;0;;;;;;;;
14.12.2013;0;;;;;;;;
15.12.2013;0,1;;;;;;;;
16.12.2013;1;;;;;;;;
17.12.2013;0;;;;;;;;
18.12.2013;0,1;;;;;;;;
19.12.2013;0;;;;;;;;
20.12.2013;3,9;;;;;;;;
21.12.2013;0;;;;;;;;
22.12.2013;0,4;;;;;;;;
23.12.2013;4,6;;;;;;;;
24.12.2013;1;;;;;;;;
25.12.2013;0;;;;;;;;
26.12.2013;1,2;;;;;;;;
27.12.2013;3,6;;;;;;;;
28.12.2013;1,4;;;;;;;;
29.12.2013;5,7;;;;;;;;
30.12.2013;0,9;;;;;;;;
31.12.2013;0,1;;;;;;;;
01.01.2014;0,1;;;;;;;;
02.01.2014;0,3;;;;;;;;
03.01.2014;1,8;;;;;;;;
04.01.2014;2,3;;;;;;;;
05.01.2014;0;;;;;;;;
06.01.2014;0,1;;;;;;;;
07.01.2014;8,7;;;;;;;;
08.01.2014;0,7;;;;;;;;
09.01.2014;4,8;;;;;;;;
10.01.2014;3,4;;;;;;;;
11.01.2014;5,2;;;;;;;;
12.01.2014;2,4;;;;;;;;
13.01.2014;0,4;;;;;;;;
14.01.2014;2,4;;;;;;;;
15.01.2014;0,1;;;;;;;;
16.01.2014;0;;;;;;;;
17.01.2014;10,1;;;;;;;;
18.01.2014;1,4;;;;;;;;
19.01.2014;1,6;;;;;;;;
20.01.2014;0;;;;;;;;
21.01.2014;0;;;;;;;;
22.01.2014;0,5;;;;;;;;
23.01.2014;0;;;;;;;;
24.01.2014;0;;;;;;;;
25.01.2014;0,1;;;;;;;;
26.01.2014;0;;;;;;;;
27.01.2014;0;;;;;;;;
28.01.2014;1;;;;;;;;
29.01.2014;0;;;;;;;;
30.01.2014;0;;;;;;;;
31.01.2014;0,1;;;;;;;;
01.02.2014;0;;;;;;;;
02.02.2014;4,1;;;;;;;;
03.02.2014;0;;;;;;;;
04.02.2014;0;;;;;;;;
05.02.2014;0;;;;;;;;
06.02.2014;0;;;;;;;;
07.02.2014;0;;;;;;;;
08.02.2014;5,6;;;;;;;;
09.02.2014;1,7;;;;;;;;
10.02.2014;1,2;;;;;;;;
11.02.2014;0;;;;;;;;
12.02.2014;1,4;;;;;;;;
13.02.2014;0;;;;;;;;
14.02.2014;2,9;;;;;;;;
15.02.2014;1,2;;;;;;;;
16.02.2014;0,4;;;;;;;;
17.02.2014;1,4;;;;;;;;
18.02.2014;0;;;;;;;;
19.02.2014;0;;;;;;;;
20.02.2014;6,2;;;;;;;;
21.02.2014;0,9;;;;;;;;
22.02.2014;2,4;;;;;;;;
23.02.2014;0;;;;;;;;
24.02.2014;0;;;;;;;;
25.02.2014;0;;;;;;;;
26.02.2014;0;;;;;;;;
27.02.2014;0;;;;;;;;
28.02.2014;0;;;;;;;;
01.03.2014;0;;;;;;;;
02.03.2014;0;;;;;;;;
03.03.2014;0;;;;;;;;
04.03.2014;0;;;;;;;;
05.03.2014;0;;;;;;;;
06.03.2014;0,4;;;;;;;;
07.03.2014;0;;;;;;;;
08.03.2014;0;;;;;;;;
09.03.2014;0;;;;;;;;
10.03.2014;0;;;;;;;;
11.03.2014;0;;;;;;;;
12.03.2014;0;;;;;;;;
13.03.2014;0;;;;;;;;
14.03.2014;0;;;;;;;;
15.03.2014;0,1;;;;;;;;
16.03.2014;4,2;;;;;;;;
17.03.2014;1,9;;;;;;;;
18.03.2014;0,1;;;;;;;;
19.03.2014;1,2;;;;;;;;
20.03.2014;0,3;;;;;;;;
21.03.2014;0;;;;;;;;
22.03.2014;8,6;;;;;;;;
23.03.2014;1,4;;;;;;;;
24.03.2014;1,8;;;;;;;;
25.03.2014;1,6;;;;;;;;
26.03.2014;0;;;;;;;;
27.03.2014;0,8;;;;;;;;
28.03.2014;0;;;;;;;;
29.03.2014;0;;;;;;;;
30.03.2014;0;;;;;;;;
31.03.2014;0;;;;;;;;
01.04.2014;0;;;;;;;;
02.04.2014;0;;;;;;;;
03.04.2014;0;;;;;;;;
04.04.2014;0;;;;;;;;
05.04.2014;5,3;;;;;;;;
06.04.2014;17,7;;;;;;;;
07.04.2014;3,5;;;;;;;;
08.04.2014;0,1;;;;;;;;
09.04.2014;4,6;;;;;;;;
10.04.2014;0,1;;;;;;;;
11.04.2014;0;;;;;;;;
12.04.2014;0,2;;;;;;;;
13.04.2014;0,3;;;;;;;;
14.04.2014;0,5;;;;;;;;
15.04.2014;6,8;;;;;;;;
16.04.2014;0;;;;;;;;
17.04.2014;0;;;;;;;;
18.04.2014;3,5;;;;;;;;
19.04.2014;0,4;;;;;;;;
20.04.2014;0;;;;;;;;
21.04.2014;0;;;;;;;;
22.04.2014;4,3;;;;;;;;
23.04.2014;20,9;;;;;;;;
24.04.2014;21,4;;;;;;;;
25.04.2014;0;;;;;;;;
26.04.2014;0;;;;;;;;
27.04.2014;0;;;;;;;;
28.04.2014;0;;;;;;;;
29.04.2014;0;;;;;;;;
30.04.2014;0;;;;;;;;
01.05.2014;0;;;;;;;;
02.05.2014;0;;;;;;;;
03.05.2014;0;;;;;;;;
04.05.2014;0;;;;;;;;
05.05.2014;0;;;;;;;;
06.05.2014;0;;;;;;;;
07.05.2014;0,7;;;;;;;;
08.05.2014;5,4;;;;;;;;
09.05.2014;16,3;;;;;;;;
10.05.2014;9,1;;;;;;;;
11.05.2014;8,5;;;;;;;;
12.05.2014;0,3;;;;;;;;
13.05.2014;6,6;;;;;;;;
14.05.2014;0,4;;;;;;;;
15.05.2014;0,4;;;;;;;;
16.05.2014;0;;;;;;;;
17.05.2014;0;;;;;;;;
18.05.2014;0;;;;;;;;
19.05.2014;4,7;;;;;;;;
20.05.2014;0;;;;;;;;
21.05.2014;0;;;;;;;;
22.05.2014;0;;;;;;;;
23.05.2014;0;;;;;;;;
24.05.2014;6,7;;;;;;;;
25.05.2014;0,3;;;;;;;;
26.05.2014;0;;;;;;;;
27.05.2014;0;;;;;;;;
28.05.2014;0,1;;;;;;;;
29.05.2014;0;;;;;;;;
30.05.2014;0;;;;;;;;
31.05.2014;0;;;;;;;;
01.06.2014;0;;;;;;;;
02.06.2014;0;;;;;;;;
03.06.2014;0;;;;;;;;
04.06.2014;0;;;;;;;;
05.06.2014;0;;;;;;;;
06.06.2014;8,5;;;;;;;;
07.06.2014;0;;;;;;;;
08.06.2014;0,1;;;;;;;;
09.06.2014;9,9;;;;;;;;
10.06.2014;2,4;;;;;;;;
11.06.2014;0,1;;;;;;;;
12.06.2014;0;;;;;;;;
13.06.2014;0;;;;;;;;
14.06.2014;2,4;;;;;;;;
15.06.2014;1,5;;;;;;;;
16.06.2014;0;;;;;;;;
17.06.2014;0,3;;;;;;;;
18.06.2014;0;;;;;;;;
19.06.2014;0;;;;;;;;
20.06.2014;0;;;;;;;;
21.06.2014;0;;;;;;;;
22.06.2014;1,7;;;;;;;;
23.06.2014;0;;;;;;;;
24.06.2014;0,4;;;;;;;;
25.06.2014;0,3;;;;;;;;
26.06.2014;0;;;;;;;;
27.06.2014;0;;;;;;;;
28.06.2014;1,4;;;;;;;;
29.06.2014;1;;;;;;;;
30.06.2014;9,1;;;;;;;;
01.07.2014;8;;;;;;;;
02.07.2014;6,5;;;;;;;;
03.07.2014;0;;;;;;;;
04.07.2014;0;;;;;;;;
05.07.2014;0;;;;;;;;
06.07.2014;7,9;;;;;;;;
07.07.2014;0;;;;;;;;
08.07.2014;1,2;;;;;;;;
09.07.2014;16,8;;;;;;;;
10.07.2014;0;;;;;;;;
11.07.2014;0;;;;;;;;
12.07.2014;0;;;;;;;;
13.07.2014;0;;;;;;;;
14.07.2014;4,6;;;;;;;;
15.07.2014;6,7;;;;;;;;
16.07.2014;0;;;;;;;;
17.07.2014;0;;;;;;;;
18.07.2014;0;;;;;;;;
19.07.2014;0;;;;;;;;
20.07.2014;0;;;;;;;;
21.07.2014;0;;;;;;;;
22.07.2014;0;;;;;;;;
23.07.2014;0;;;;;;;;
24.07.2014;0;;;;;;;;
25.07.2014;0;;;;;;;;
26.07.2014;0;;;;;;;;
27.07.2014;1,7;;;;;;;;
28.07.2014;9,5;;;;;;;;
29.07.2014;0;;;;;;;;
30.07.2014;0;;;;;;;;
31.07.2014;0,1;;;;;;;;
01.08.2014;0;;;;;;;;
02.08.2014;0;;;;;;;;
03.08.2014;0;;;;;;;;
04.08.2014;6,8;;;;;;;;
05.08.2014;0;;;;;;;;
06.08.2014;1,7;;;;;;;;
07.08.2014;0;;;;;;;;
08.08.2014;0,2;;;;;;;;
09.08.2014;0;;;;;;;;
10.08.2014;3,8;;;;;;;;
11.08.2014;1,5;;;;;;;;
12.08.2014;0,3;;;;;;;;
13.08.2014;3,6;;;;;;;;
14.08.2014;0;;;;;;;;
15.08.2014;0;;;;;;;;
16.08.2014;10,8;;;;;;;;
17.08.2014;1,3;;;;;;;;
18.08.2014;3,3;;;;;;;;
19.08.2014;5,5;;;;;;;;
20.08.2014;2;;;;;;;;
21.08.2014;1,5;;;;;;;;
22.08.2014;0;;;;;;;;
23.08.2014;1,1;;;;;;;;
24.08.2014;4;;;;;;;;
25.08.2014;0,5;;;;;;;;
26.08.2014;0,1;;;;;;;;
27.08.2014;0;;;;;;;;
28.08.2014;0;;;;;;;;
29.08.2014;0;;;;;;;;
30.08.2014;1,8;;;;;;;;
31.08.2014;1,2;;;;;;;;
01.09.2014;1,7;;;;;;;;
02.09.2014;1,4;;;;;;;;
03.09.2014;0;;;;;;;;
04.09.2014;0;;;;;;;;
05.09.2014;0;;;;;;;;
06.09.2014;0;;;;;;;;
07.09.2014;5,7;;;;;;;;
08.09.2014;0,4;;;;;;;;
09.09.2014;0;;;;;;;;
10.09.2014;1,9;;;;;;;;
11.09.2014;3,5;;;;;;;;
12.09.2014;0,1;;;;;;;;
13.09.2014;0;;;;;;;;
14.09.2014;0,8;;;;;;;;
15.09.2014;3,7;;;;;;;;
16.09.2014;0;;;;;;;;
17.09.2014;0;;;;;;;;
18.09.2014;0;;;;;;;;
19.09.2014;0;;;;;;;;
20.09.2014;0;;;;;;;;
21.09.2014;3,1;;;;;;;;
22.09.2014;1,3;;;;;;;;
23.09.2014;0,8;;;;;;;;
24.09.2014;0;;;;;;;;
25.09.2014;0;;;;;;;;
26.09.2014;0,5;;;;;;;;
27.09.2014;0;;;;;;;;
28.09.2014;0;;;;;;;;
29.09.2014;0;;;;;;;;
30.09.2014;1,5;;;;;;;;
01.10.2014;10,2;;;;;;;;
02.10.2014;0,2;;;;;;;;
03.10.2014;0;;;;;;;;
04.10.2014;0;;;;;;;;
05.10.2014;0;;;;;;;;
06.10.2014;0;;;;;;;;
07.10.2014;0;;;;;;;;
08.10.2014;6,3;;;;;;;;
09.10.2014;0,6;;;;;;;;
10.10.2014;1,2;;;;;;;;
11.10.2014;0;;;;;;;;
12.10.2014;0,7;;;;;;;;
13.10.2014;0;;;;;;;;
14.10.2014;10,7;;;;;;;;
15.10.2014;2,5;;;;;;;;
16.10.2014;0,1;;;;;;;;
17.10.2014;0,2;;;;;;;;
18.10.2014;0;;;;;;;;
19.10.2014;0;;;;;;;;
20.10.2014;0,9;;;;;;;;
21.10.2014;3,3;;;;;;;;
22.10.2014;4,8;;;;;;;;
23.10.2014;1,8;;;;;;;;
24.10.2014;0,1;;;;;;;;
25.10.2014;0;;;;;;;;
26.10.2014;0,1;;;;;;;;
27.10.2014;0;;;;;;;;
28.10.2014;0;;;;;;;;
29.10.2014;0;;;;;;;;
30.10.2014;1,2;;;;;;;;
31.10.2014;0;;;;;;;;
01.11.2014;0;;;;;;;;
02.11.2014;0;;;;;;;;
03.11.2014;0;;;;;;;;
04.11.2014;0,1;;;;;;;;
05.11.2014;0,8;;;;;;;;
06.11.2014;9,3;;;;;;;;
07.11.2014;0;;;;;;;;
08.11.2014;0;;;;;;;;
09.11.2014;0;;;;;;;;
10.11.2014;0;;;;;;;;
11.11.2014;0,1;;;;;;;;
12.11.2014;0;;;;;;;;
13.11.2014;0,1;;;;;;;;
14.11.2014;0;;;;;;;;
15.11.2014;0;;;;;;;;
16.11.2014;0;;;;;;;;
17.11.2014;0,8;;;;;;;;
18.11.2014;0;;;;;;;;
19.11.2014;0;;;;;;;;
20.11.2014;0;;;;;;;;
21.11.2014;0;;;;;;;;
22.11.2014;0;;;;;;;;
23.11.2014;2;;;;;;;;
24.11.2014;0;;;;;;;;
25.11.2014;5,6;;;;;;;;
26.11.2014;0;;;;;;;;
27.11.2014;0;;;;;;;;
28.11.2014;0;;;;;;;;
29.11.2014;0;;;;;;;;
30.11.2014;0;;;;;;;;
01.12.2014;0;;;;;;;;
02.12.2014;0;;;;;;;;
03.12.2014;0;;;;;;;;
04.12.2014;0;;;;;;;;
05.12.2014;1,5;;;;;;;;
06.12.2014;0,2;;;;;;;;
07.12.2014;0,1;;;;;;;;
08.12.2014;3,5;;;;;;;;
09.12.2014;0,7;;;;;;;;
10.12.2014;0,1;;;;;;;;
11.12.2014;2,5;;;;;;;;
12.12.2014;1,2;;;;;;;;
13.12.2014;8,7;;;;;;;;
14.12.2014;0;;;;;;;;
15.12.2014;0;;;;;;;;
16.12.2014;0,7;;;;;;;;
17.12.2014;1,8;;;;;;;;
18.12.2014;1,3;;;;;;;;
19.12.2014;5,9;;;;;;;;
20.12.2014;16,2;;;;;;;;
21.12.2014;11,5;;;;;;;;
22.12.2014;1,5;;;;;;;;
23.12.2014;41,4;;;;;;;;
24.12.2014;20,6;;;;;;;;
25.12.2014;4;;;;;;;;
26.12.2014;10,8;;;;;;;;
27.12.2014;0,5;;;;;;;;
28.12.2014;0;;;;;;;;
29.12.2014;0,3;;;;;;;;
30.12.2014;4,3;;;;;;;;
31.12.2014;0,7;;;;;;;;
01.01.2015;0,3;;;;;;;;
02.01.2015;0;;;;;;;;
03.01.2015;4,1;;;;;;;;
04.01.2015;3,7;;;;;;;;
05.01.2015;0;;;;;;;;
06.01.2015;0,3;;;;;;;;
07.01.2015;0;;;;;;;;
08.01.2015;0,5;;;;;;;;
09.01.2015;8,5;;;;;;;;
10.01.2015;7,7;;;;;;;;
11.01.2015;8,9;;;;;;;;
12.01.2015;11,5;;;;;;;;
13.01.2015;3,4;;;;;;;;
14.01.2015;10,2;;;;;;;;
15.01.2015;5,4;;;;;;;;
16.01.2015;3,8;;;;;;;;
17.01.2015;0;;;;;;;;
18.01.2015;0;;;;;;;;
19.01.2015;0,4;;;;;;;;
20.01.2015;0;;;;;;;;
21.01.2015;0;;;;;;;;
22.01.2015;0;;;;;;;;
23.01.2015;0;;;;;;;;
24.01.2015;0;;;;;;;;
25.01.2015;1,1;;;;;;;;
26.01.2015;0,1;;;;;;;;
27.01.2015;4,1;;;;;;;;
28.01.2015;0;;;;;;;;
29.01.2015;5,8;;;;;;;;
30.01.2015;2,4;;;;;;;;
31.01.2015;0;;;;;;;;
01.02.2015;0;;;;;;;;
02.02.2015;0,1;;;;;;;;
03.02.2015;0,7;;;;;;;;
04.02.2015;0,2;;;;;;;;
05.02.2015;0,1;;;;;;;;
06.02.2015;0,9;;;;;;;;
07.02.2015;0;;;;;;;;
08.02.2015;1,1;;;;;;;;
09.02.2015;0,1;;;;;;;;
10.02.2015;0;;;;;;;;
11.02.2015;0;;;;;;;;
12.02.2015;0;;;;;;;;
13.02.2015;0;;;;;;;;
14.02.2015;0;;;;;;;;
15.02.2015;0;;;;;;;;
16.02.2015;0;;;;;;;;
17.02.2015;0;;;;;;;;
18.02.2015;0;;;;;;;;
19.02.2015;0;;;;;;;;
20.02.2015;0;;;;;;;;
21.02.2015;3;;;;;;;;
22.02.2015;2,6;;;;;;;;
23.02.2015;0;;;;;;;;
24.02.2015;1,3;;;;;;;;
25.02.2015;1,3;;;;;;;;
26.02.2015;0,2;;;;;;;;
27.02.2015;0;;;;;;;;
28.02.2015;3,3;;;;;;;;
01.03.2015;0;;;;;;;;
02.03.2015;4,3;;;;;;;;
03.03.2015;7,2;;;;;;;;
04.03.2015;4,2;;;;;;;;
05.03.2015;4,3;;;;;;;;
06.03.2015;0;;;;;;;;
07.03.2015;0;;;;;;;;
08.03.2015;0;;;;;;;;
09.03.2015;0;;;;;;;;
10.03.2015;0;;;;;;;;
11.03.2015;1;;;;;;;;
12.03.2015;0;;;;;;;;
13.03.2015;0;;;;;;;;
14.03.2015;0;;;;;;;;
15.03.2015;0,2;;;;;;;;
16.03.2015;0;;;;;;;;
17.03.2015;0;;;;;;;;
18.03.2015;0;;;;;;;;
19.03.2015;0;;;;;;;;
20.03.2015;0;;;;;;;;
21.03.2015;0;;;;;;;;
22.03.2015;4,5;;;;;;;;
23.03.2015;0;;;;;;;;
24.03.2015;0;;;;;;;;
25.03.2015;0;;;;;;;;
26.03.2015;0;;;;;;;;
27.03.2015;0;;;;;;;;
28.03.2015;1,8;;;;;;;;
29.03.2015;0,8;;;;;;;;
30.03.2015;11,7;;;;;;;;
31.03.2015;7;;;;;;;;
01.04.2015;11,6;;;;;;;;
02.04.2015;3,3;;;;;;;;
03.04.2015;5,8;;;;;;;;
04.04.2015;0;;;;;;;;
05.04.2015;0;;;;;;;;
06.04.2015;0;;;;;;;;
07.04.2015;0;;;;;;;;
08.04.2015;0;;;;;;;;
09.04.2015;0,1;;;;;;;;
10.04.2015;0;;;;;;;;
11.04.2015;0;;;;;;;;
12.04.2015;2,8;;;;;;;;
13.04.2015;0;;;;;;;;
14.04.2015;0,1;;;;;;;;
15.04.2015;0;;;;;;;;
16.04.2015;0;;;;;;;;
17.04.2015;0;;;;;;;;
18.04.2015;0;;;;;;;;
19.04.2015;0;;;;;;;;
20.04.2015;0;;;;;;;;
21.04.2015;0;;;;;;;;
22.04.2015;0;;;;;;;;
23.04.2015;0;;;;;;;;
24.04.2015;0;;;;;;;;
25.04.2015;0;;;;;;;;
26.04.2015;2,1;;;;;;;;
27.04.2015;4,6;;;;;;;;
28.04.2015;5,4;;;;;;;;
29.04.2015;0;;;;;;;;
30.04.2015;0;;;;;;;;
01.05.2015;2,9;;;;;;;;
02.05.2015;1,8;;;;;;;;
03.05.2015;0;;;;;;;;
04.05.2015;9;;;;;;;;
05.05.2015;0;;;;;;;;
06.05.2015;9,2;;;;;;;;
07.05.2015;1,1;;;;;;;;
08.05.2015;1,3;;;;;;;;
09.05.2015;0;;;;;;;;
10.05.2015;1,8;;;;;;;;
11.05.2015;0,1;;;;;;;;
12.05.2015;0;;;;;;;;
13.05.2015;0,1;;;;;;;;
14.05.2015;0;;;;;;;;
15.05.2015;0;;;;;;;;
16.05.2015;0;;;;;;;;
17.05.2015;0;;;;;;;;
18.05.2015;0;;;;;;;;
19.05.2015;1,6;;;;;;;;
20.05.2015;1,7;;;;;;;;
21.05.2015;0;;;;;;;;
22.05.2015;0;;;;;;;;
23.05.2015;0;;;;;;;;
24.05.2015;1,1;;;;;;;;
25.05.2015;0;;;;;;;;
26.05.2015;0;;;;;;;;
27.05.2015;0,3;;;;;;;;
28.05.2015;0;;;;;;;;
29.05.2015;2,2;;;;;;;;
30.05.2015;0;;;;;;;;
31.05.2015;1,9;;;;;;;;
01.06.2015;0,6;;;;;;;;
02.06.2015;1,9;;;;;;;;
03.06.2015;0;;;;;;;;
04.06.2015;0;;;;;;;;
05.06.2015;0;;;;;;;;
06.06.2015;0;;;;;;;;
07.06.2015;0;;;;;;;;
08.06.2015;0;;;;;;;;
09.06.2015;0;;;;;;;;
10.06.2015;0;;;;;;;;
11.06.2015;0;;;;;;;;
12.06.2015;0;;;;;;;;
13.06.2015;0;;;;;;;;
14.06.2015;1,6;;;;;;;;
15.06.2015;0,2;;;;;;;;
16.06.2015;0;;;;;;;;
17.06.2015;0;;;;;;;;
18.06.2015;0,9;;;;;;;;
19.06.2015;2,7;;;;;;;;
20.06.2015;0;;;;;;;;
21.06.2015;0;;;;;;;;
22.06.2015;3,8;;;;;;;;
23.06.2015;5,4;;;;;;;;
24.06.2015;0;;;;;;;;
25.06.2015;0,1;;;;;;;;
26.06.2015;0,1;;;;;;;;
27.06.2015;0;;;;;;;;
28.06.2015;0;;;;;;;;
29.06.2015;0,3;;;;;;;;
30.06.2015;0,2;;;;;;;;
01.07.2015;0;;;;;;;;
02.07.2015;0;;;;;;;;
03.07.2015;0;;;;;;;;
04.07.2015;0;;;;;;;;
05.07.2015;2,8;;;;;;;;
06.07.2015;1,4;;;;;;;;
07.07.2015;0;;;;;;;;
08.07.2015;1,8;;;;;;;;
09.07.2015;3;;;;;;;;
10.07.2015;0,4;;;;;;;;
11.07.2015;0;;;;;;;;
12.07.2015;0;;;;;;;;
13.07.2015;3,6;;;;;;;;
14.07.2015;12,4;;;;;;;;
15.07.2015;2,5;;;;;;;;
16.07.2015;0,2;;;;;;;;
17.07.2015;0;;;;;;;;
18.07.2015;0;;;;;;;;
19.07.2015;6,3;;;;;;;;
20.07.2015;4,7;;;;;;;;
21.07.2015;0;;;;;;;;
22.07.2015;1,6;;;;;;;;
23.07.2015;0;;;;;;;;
24.07.2015;0;;;;;;;;
25.07.2015;0;;;;;;;;
26.07.2015;21,4;;;;;;;;
27.07.2015;2,9;;;;;;;;
28.07.2015;8,8;;;;;;;;
29.07.2015;10,2;;;;;;;;
30.07.2015;14,3;;;;;;;;
31.07.2015;3,4;;;;;;;;
01.08.2015;0;;;;;;;;
02.08.2015;0;;;;;;;;
03.08.2015;0;;;;;;;;
04.08.2015;0;;;;;;;;
05.08.2015;7,4;;;;;;;;
06.08.2015;0;;;;;;;;
07.08.2015;0;;;;;;;;
08.08.2015;2,2;;;;;;;;
09.08.2015;2,9;;;;;;;;
10.08.2015;0;;;;;;;;
11.08.2015;0;;;;;;;;
12.08.2015;21,1;;;;;;;;
13.08.2015;0,2;;;;;;;;
14.08.2015;0;;;;;;;;
15.08.2015;1,2;;;;;;;;
16.08.2015;0,7;;;;;;;;
17.08.2015;1,4;;;;;;;;
18.08.2015;5,8;;;;;;;;
19.08.2015;3;;;;;;;;
20.08.2015;0;;;;;;;;
21.08.2015;0;;;;;;;;
22.08.2015;0;;;;;;;;
23.08.2015;0;;;;;;;;
24.08.2015;0;;;;;;;;
25.08.2015;0;;;;;;;;
26.08.2015;0,7;;;;;;;;
27.08.2015;1,2;;;;;;;;
28.08.2015;8,1;;;;;;;;
29.08.2015;2;;;;;;;;
30.08.2015;0;;;;;;;;
31.08.2015;6,5;;;;;;;;
01.09.2015;0;;;;;;;;
02.09.2015;0,5;;;;;;;;
03.09.2015;0;;;;;;;;
04.09.2015;1,9;;;;;;;;
05.09.2015;0;;;;;;;;
06.09.2015;9,6;;;;;;;;
07.09.2015;0,2;;;;;;;;
08.09.2015;0;;;;;;;;
09.09.2015;0;;;;;;;;
10.09.2015;0;;;;;;;;
11.09.2015;0;;;;;;;;
12.09.2015;2,2;;;;;;;;
13.09.2015;0;;;;;;;;
14.09.2015;8,1;;;;;;;;
15.09.2015;14,3;;;;;;;;
16.09.2015;0,2;;;;;;;;
17.09.2015;2,8;;;;;;;;
18.09.2015;0,9;;;;;;;;
19.09.2015;1,9;;;;;;;;
20.09.2015;2,5;;;;;;;;
21.09.2015;3,9;;;;;;;;
22.09.2015;0,4;;;;;;;;
23.09.2015;0,3;;;;;;;;
24.09.2015;0;;;;;;;;
25.09.2015;0,3;;;;;;;;
26.09.2015;0;;;;;;;;
27.09.2015;0;;;;;;;;
28.09.2015;0;;;;;;;;
29.09.2015;0;;;;;;;;
30.09.2015;0;;;;;;;;
01.10.2015;0;;;;;;;;
02.10.2015;0;;;;;;;;
03.10.2015;0;;;;;;;;
04.10.2015;0;;;;;;;;
05.10.2015;0;;;;;;;;
06.10.2015;0;;;;;;;;
07.10.2015;0;;;;;;;;
08.10.2015;8,9;;;;;;;;
09.10.2015;3,3;;;;;;;;
10.10.2015;1,3;;;;;;;;
11.10.2015;0;;;;;;;;
12.10.2015;0;;;;;;;;
13.10.2015;0;;;;;;;;
14.10.2015;0;;;;;;;;
15.10.2015;5,1;;;;;;;;
16.10.2015;2,5;;;;;;;;
17.10.2015;9,7;;;;;;;;
18.10.2015;3,5;;;;;;;;
19.10.2015;3,8;;;;;;;;
20.10.2015;0,9;;;;;;;;
21.10.2015;0;;;;;;;;
22.10.2015;0;;;;;;;;
23.10.2015;0,2;;;;;;;;
24.10.2015;0;;;;;;;;
25.10.2015;0;;;;;;;;
26.10.2015;0;;;;;;;;
27.10.2015;0;;;;;;;;
28.10.2015;0;;;;;;;;
29.10.2015;0;;;;;;;;
30.10.2015;0;;;;;;;;
31.10.2015;0;;;;;;;;
01.11.2015;0;;;;;;;;
02.11.2015;0;;;;;;;;
03.11.2015;0;;;;;;;;
04.11.2015;0;;;;;;;;
05.11.2015;0;;;;;;;;
06.11.2015;4,4;;;;;;;;
07.11.2015;8,1;;;;;;;;
08.11.2015;4,8;;;;;;;;
09.11.2015;2,1;;;;;;;;
10.11.2015;6,2;;;;;;;;
11.11.2015;7,4;;;;;;;;
12.11.2015;1,2;;;;;;;;
13.11.2015;0;;;;;;;;
14.11.2015;0,5;;;;;;;;
15.11.2015;5,5;;;;;;;;
16.11.2015;22,8;;;;;;;;
17.11.2015;5,8;;;;;;;;
18.11.2015;6,4;;;;;;;;
19.11.2015;8,5;;;;;;;;
20.11.2015;6,3;;;;;;;;
21.11.2015;3,4;;;;;;;;
22.11.2015;1,3;;;;;;;;
23.11.2015;4,4;;;;;;;;
24.11.2015;2,3;;;;;;;;
25.11.2015;1,1;;;;;;;;
26.11.2015;0,8;;;;;;;;
27.11.2015;0;;;;;;;;
28.11.2015;0;;;;;;;;
29.11.2015;2,8;;;;;;;;
30.11.2015;7,8;;;;;;;;
01.12.2015;7;;;;;;;;
02.12.2015;1,9;;;;;;;;
03.12.2015;0,3;;;;;;;;
04.12.2015;0;;;;;;;;
05.12.2015;0,4;;;;;;;;
06.12.2015;0;;;;;;;;
07.12.2015;1,6;;;;;;;;
08.12.2015;0,1;;;;;;;;
09.12.2015;0;;;;;;;;
10.12.2015;1,5;;;;;;;;
11.12.2015;0;;;;;;;;
12.12.2015;1,8;;;;;;;;
13.12.2015;10,6;;;;;;;;
14.12.2015;6,3;;;;;;;;
15.12.2015;0;;;;;;;;
16.12.2015;0;;;;;;;;
17.12.2015;0,5;;;;;;;;
18.12.2015;1;;;;;;;;
19.12.2015;1,1;;;;;;;;
20.12.2015;0;;;;;;;;
21.12.2015;0;;;;;;;;
22.12.2015;6,6;;;;;;;;
23.12.2015;1,1;;;;;;;;
24.12.2015;1;;;;;;;;
25.12.2015;0,3;;;;;;;;
26.12.2015;0,9;;;;;;;;
27.12.2015;1,4;;;;;;;;
28.12.2015;1,5;;;;;;;;
29.12.2015;0;;;;;;;;
30.12.2015;0;;;;;;;;
31.12.2015;0;;;;;;;;
01.01.2016;4;;;;;;;;
02.01.2016;0;;;;;;;;
03.01.2016;0;;;;;;;;
04.01.2016;0;;;;;;;;
05.01.2016;0;;;;;;;;
06.01.2016;0;;;;;;;;
07.01.2016;0;;;;;;;;
08.01.2016;1,4;;;;;;;;
09.01.2016;6,4;;;;;;;;
10.01.2016;0;;;;;;;;
11.01.2016;7,7;;;;;;;;
12.01.2016;0,9;;;;;;;;
13.01.2016;2,3;;;;;;;;
14.01.2016;1,1;;;;;;;;
15.01.2016;0,8;;;;;;;;
16.01.2016;0,7;;;;;;;;
17.01.2016;1,2;;;;;;;;
18.01.2016;0;;;;;;;;
19.01.2016;0;;;;;;;;
20.01.2016;0,4;;;;;;;;
21.01.2016;0;;;;;;;;
22.01.2016;0;;;;;;;;
23.01.2016;0;;;;;;;;
24.01.2016;3,2;;;;;;;;
25.01.2016;2,9;;;;;;;;
26.01.2016;0,4;;;;;;;;
27.01.2016;0,7;;;;;;;;
28.01.2016;0,6;;;;;;;;
29.01.2016;3,4;;;;;;;;
30.01.2016;0,3;;;;;;;;
31.01.2016;13,6;;;;;;;;
01.02.2016;2,4;;;;;;;;
02.02.2016;5,7;;;;;;;;
03.02.2016;0,6;;;;;;;;
04.02.2016;0,6;;;;;;;;
05.02.2016;3;;;;;;;;
06.02.2016;2,2;;;;;;;;
07.02.2016;0,2;;;;;;;;
08.02.2016;0;;;;;;;;
09.02.2016;1,2;;;;;;;;
10.02.2016;7,8;;;;;;;;
11.02.2016;6,5;;;;;;;;
12.02.2016;5,1;;;;;;;;
13.02.2016;5,4;;;;;;;;
14.02.2016;0;;;;;;;;
15.02.2016;13,2;;;;;;;;
16.02.2016;5,2;;;;;;;;
17.02.2016;0;;;;;;;;
18.02.2016;2,7;;;;;;;;
19.02.2016;0,6;;;;;;;;
20.02.2016;0,1;;;;;;;;
21.02.2016;7,6;;;;;;;;
22.02.2016;13,7;;;;;;;;
23.02.2016;6,6;;;;;;;;
24.02.2016;1,2;;;;;;;;
25.02.2016;0,8;;;;;;;;
26.02.2016;0,6;;;;;;;;
27.02.2016;0,6;;;;;;;;
28.02.2016;0;;;;;;;;
29.02.2016;0;;;;;;;;
01.03.2016;0;;;;;;;;
02.03.2016;1,2;;;;;;;;
03.03.2016;1,4;;;;;;;;
04.03.2016;0,4;;;;;;;;
05.03.2016;0;;;;;;;;
06.03.2016;2,2;;;;;;;;
07.03.2016;0;;;;;;;;
08.03.2016;0;;;;;;;;
09.03.2016;0;;;;;;;;
10.03.2016;0;;;;;;;;
11.03.2016;0;;;;;;;;
12.03.2016;0;;;;;;;;
13.03.2016;0;;;;;;;;
14.03.2016;0;;;;;;;;
15.03.2016;0;;;;;;;;
16.03.2016;0,2;;;;;;;;
17.03.2016;0;;;;;;;;
18.03.2016;0;;;;;;;;
19.03.2016;0;;;;;;;;
20.03.2016;0;;;;;;;;
21.03.2016;0,1;;;;;;;;
22.03.2016;0,5;;;;;;;;
23.03.2016;0,3;;;;;;;;
24.03.2016;0;;;;;;;;
25.03.2016;0,6;;;;;;;;
26.03.2016;2,3;;;;;;;;
27.03.2016;0;;;;;;;;
28.03.2016;1,8;;;;;;;;
29.03.2016;0,5;;;;;;;;
30.03.2016;0,3;;;;;;;;
31.03.2016;5,3;;;;;;;;
01.04.2016;0;;;;;;;;
02.04.2016;0;;;;;;;;
03.04.2016;0;;;;;;;;
04.04.2016;0;;;;;;;;
05.04.2016;0;;;;;;;;
06.04.2016;5,8;;;;;;;;
07.04.2016;1,3;;;;;;;;
08.04.2016;0,5;;;;;;;;
09.04.2016;0,1;;;;;;;;
10.04.2016;0;;;;;;;;
11.04.2016;0;;;;;;;;
12.04.2016;1,3;;;;;;;;
13.04.2016;1;;;;;;;;
14.04.2016;5;;;;;;;;
15.04.2016;0;;;;;;;;
16.04.2016;7,5;;;;;;;;
17.04.2016;0,7;;;;;;;;
18.04.2016;0;;;;;;;;
19.04.2016;0,2;;;;;;;;
20.04.2016;0,3;;;;;;;;
21.04.2016;0;;;;;;;;
22.04.2016;0;;;;;;;;
23.04.2016;0;;;;;;;;
24.04.2016;0,9;;;;;;;;
25.04.2016;2,5;;;;;;;;
26.04.2016;6,1;;;;;;;;
27.04.2016;3,1;;;;;;;;
28.04.2016;1,5;;;;;;;;
29.04.2016;2,5;;;;;;;;
30.04.2016;0;;;;;;;;
01.05.2016;0;;;;;;;;
02.05.2016;0;;;;;;;;
03.05.2016;0;;;;;;;;
04.05.2016;2,9;;;;;;;;
05.05.2016;0;;;;;;;;
06.05.2016;0;;;;;;;;
07.05.2016;0;;;;;;;;
08.05.2016;0;;;;;;;;
09.05.2016;0;;;;;;;;
10.05.2016;0;;;;;;;;
11.05.2016;0;;;;;;;;
12.05.2016;0;;;;;;;;
13.05.2016;0;;;;;;;;
14.05.2016;0;;;;;;;;
15.05.2016;5,2;;;;;;;;
16.05.2016;2,9;;;;;;;;
17.05.2016;0;;;;;;;;
18.05.2016;0,1;;;;;;;;
19.05.2016;0;;;;;;;;
20.05.2016;0;;;;;;;;
21.05.2016;0,4;;;;;;;;
22.05.2016;0;;;;;;;;
23.05.2016;4,7;;;;;;;;
24.05.2016;3,1;;;;;;;;
25.05.2016;7,3;;;;;;;;
26.05.2016;0;;;;;;;;
27.05.2016;2,6;;;;;;;;
28.05.2016;0;;;;;;;;
29.05.2016;0;;;;;;;;
30.05.2016;0;;;;;;;;
31.05.2016;2,2;;;;;;;;
01.06.2016;0,4;;;;;;;;
02.06.2016;0;;;;;;;;
03.06.2016;4,8;;;;;;;;
04.06.2016;0;;;;;;;;
05.06.2016;0;;;;;;;;
06.06.2016;0;;;;;;;;
07.06.2016;0;;;;;;;;
08.06.2016;0;;;;;;;;
09.06.2016;0;;;;;;;;
10.06.2016;0;;;;;;;;
11.06.2016;0;;;;;;;;
12.06.2016;0;;;;;;;;
13.06.2016;1,3;;;;;;;;
14.06.2016;1,5;;;;;;;;
15.06.2016;6,8;;;;;;;;
16.06.2016;4,2;;;;;;;;
17.06.2016;0;;;;;;;;
18.06.2016;15;;;;;;;;
19.06.2016;2,3;;;;;;;;
20.06.2016;0;;;;;;;;
21.06.2016;4,5;;;;;;;;
22.06.2016;1,7;;;;;;;;
23.06.2016;0,2;;;;;;;;
24.06.2016;0;;;;;;;;
25.06.2016;25,6;;;;;;;;
26.06.2016;22,2;;;;;;;;
27.06.2016;0;;;;;;;;
28.06.2016;1,1;;;;;;;;
29.06.2016;0;;;;;;;;
30.06.2016;6,4;;;;;;;;
01.07.2016;0,1;;;;;;;;
02.07.2016;3;;;;;;;;
03.07.2016;6,4;;;;;;;;
04.07.2016;0,7;;;;;;;;
05.07.2016;0;;;;;;;;
06.07.2016;7,2;;;;;;;;
07.07.2016;0,3;;;;;;;;
08.07.2016;0;;;;;;;;
09.07.2016;10,5;;;;;;;;
10.07.2016;0,6;;;;;;;;
11.07.2016;0;;;;;;;;
12.07.2016;0;;;;;;;;
13.07.2016;0,8;;;;;;;;
14.07.2016;11,8;;;;;;;;
15.07.2016;0,5;;;;;;;;
16.07.2016;0,6;;;;;;;;
17.07.2016;1,6;;;;;;;;
18.07.2016;0;;;;;;;;
19.07.2016;0;;;;;;;;
20.07.2016;0;;;;;;;;
21.07.2016;0;;;;;;;;
22.07.2016;0;;;;;;;;
23.07.2016;0;;;;;;;;
24.07.2016;0;;;;;;;;
25.07.2016;0;;;;;;;;
26.07.2016;0,6;;;;;;;;
27.07.2016;0,1;;;;;;;;
28.07.2016;0,6;;;;;;;;
29.07.2016;2,2;;;;;;;;
30.07.2016;0,4;;;;;;;;
31.07.2016;3,4;;;;;;;;
01.08.2016;0,7;;;;;;;;
02.08.2016;1,3;;;;;;;;
03.08.2016;0;;;;;;;;
04.08.2016;10,2;;;;;;;;
05.08.2016;0;;;;;;;;
06.08.2016;2,2;;;;;;;;
07.08.2016;1,8;;;;;;;;
08.08.2016;0,6;;;;;;;;
09.08.2016;0,5;;;;;;;;
10.08.2016;1,1;;;;;;;;
11.08.2016;0,1;;;;;;;;
12.08.2016;3,4;;;;;;;;
13.08.2016;0,6;;;;;;;;
14.08.2016;0,8;;;;;;;;
15.08.2016;0,6;;;;;;;;
16.08.2016;0;;;;;;;;
17.08.2016;0;;;;;;;;
18.08.2016;0;;;;;;;;
19.08.2016;0;;;;;;;;
20.08.2016;0;;;;;;;;
21.08.2016;5;;;;;;;;
22.08.2016;0,6;;;;;;;;
23.08.2016;3,2;;;;;;;;
24.08.2016;0,2;;;;;;;;
25.08.2016;0;;;;;;;;
26.08.2016;0;;;;;;;;
27.08.2016;0;;;;;;;;
28.08.2016;0;;;;;;;;
29.08.2016;4,6;;;;;;;;
30.08.2016;0,7;;;;;;;;
31.08.2016;0;;;;;;;;
01.09.2016;0;;;;;;;;
02.09.2016;0;;;;;;;;
03.09.2016;0,4;;;;;;;;
04.09.2016;0,6;;;;;;;;
05.09.2016;7,8;;;;;;;;
06.09.2016;2,5;;;;;;;;
07.09.2016;0;;;;;;;;
08.09.2016;0;;;;;;;;
09.09.2016;0;;;;;;;;
10.09.2016;0;;;;;;;;
11.09.2016;0;;;;;;;;
12.09.2016;0;;;;;;;;
13.09.2016;0;;;;;;;;
14.09.2016;0;;;;;;;;
15.09.2016;0;;;;;;;;
16.09.2016;0;;;;;;;;
17.09.2016;0;;;;;;;;
18.09.2016;1,4;;;;;;;;
19.09.2016;0;;;;;;;;
20.09.2016;0;;;;;;;;
21.09.2016;0;;;;;;;;
22.09.2016;0,1;;;;;;;;
23.09.2016;0;;;;;;;;
24.09.2016;0;;;;;;;;
25.09.2016;0;;;;;;;;
26.09.2016;0;;;;;;;;
27.09.2016;0,3;;;;;;;;
28.09.2016;0;;;;;;;;
29.09.2016;0;;;;;;;;
30.09.2016;2,7;;;;;;;;
01.10.2016;0;;;;;;;;
02.10.2016;0;;;;;;;;
03.10.2016;13,5;;;;;;;;
04.10.2016;0,7;;;;;;;;
05.10.2016;0;;;;;;;;
06.10.2016;0;;;;;;;;
07.10.2016;4,6;;;;;;;;
08.10.2016;17,3;;;;;;;;
09.10.2016;2,6;;;;;;;;
10.10.2016;1,7;;;;;;;;
11.10.2016;4,3;;;;;;;;
12.10.2016;2;;;;;;;;
13.10.2016;0,3;;;;;;;;
14.10.2016;0;;;;;;;;
15.10.2016;0;;;;;;;;
16.10.2016;1;;;;;;;;
17.10.2016;0,5;;;;;;;;
18.10.2016;1,7;;;;;;;;
19.10.2016;3,3;;;;;;;;
20.10.2016;3;;;;;;;;
21.10.2016;0,1;;;;;;;;
22.10.2016;2,6;;;;;;;;
23.10.2016;5,9;;;;;;;;
24.10.2016;0,3;;;;;;;;
25.10.2016;0;;;;;;;;
26.10.2016;0;;;;;;;;
27.10.2016;0;;;;;;;;
28.10.2016;0,4;;;;;;;;
29.10.2016;1,1;;;;;;;;
30.10.2016;0;;;;;;;;
31.10.2016;0;;;;;;;;
01.11.2016;0,1;;;;;;;;
02.11.2016;1,7;;;;;;;;
03.11.2016;1,6;;;;;;;;
04.11.2016;4,1;;;;;;;;
05.11.2016;0,6;;;;;;;;
06.11.2016;2,7;;;;;;;;
07.11.2016;2,4;;;;;;;;
08.11.2016;15,1;;;;;;;;
09.11.2016;6,3;;;;;;;;
10.11.2016;0;;;;;;;;
11.11.2016;0,1;;;;;;;;
12.11.2016;0;;;;;;;;
13.11.2016;0;;;;;;;;
14.11.2016;0;;;;;;;;
15.11.2016;0,9;;;;;;;;
16.11.2016;0,9;;;;;;;;
17.11.2016;0,5;;;;;;;;
18.11.2016;0,5;;;;;;;;
19.11.2016;11,5;;;;;;;;
20.11.2016;0;;;;;;;;
21.11.2016;1,8;;;;;;;;
22.11.2016;0;;;;;;;;
23.11.2016;0;;;;;;;;
24.11.2016;0;;;;;;;;
25.11.2016;0;;;;;;;;
26.11.2016;0,1;;;;;;;;
27.11.2016;0,2;;;;;;;;
28.11.2016;0;;;;;;;;
29.11.2016;0;;;;;;;;
30.11.2016;0;;;;;;;;
01.12.2016;3;;;;;;;;
02.12.2016;2,3;;;;;;;;
03.12.2016;0;;;;;;;;
04.12.2016;0;;;;;;;;
05.12.2016;0;;;;;;;;
06.12.2016;0;;;;;;;;
07.12.2016;0,2;;;;;;;;
08.12.2016;0,1;;;;;;;;
09.12.2016;1;;;;;;;;
10.12.2016;0,1;;;;;;;;
11.12.2016;0,9;;;;;;;;
12.12.2016;20;;;;;;;;
13.12.2016;2,2;;;;;;;;
14.12.2016;0,4;;;;;;;;
15.12.2016;2,8;;;;;;;;
16.12.2016;0;;;;;;;;
17.12.2016;0;;;;;;;;
18.12.2016;0;;;;;;;;
19.12.2016;1,2;;;;;;;;
20.12.2016;0;;;;;;;;
21.12.2016;0;;;;;;;;
22.12.2016;0,9;;;;;;;;
23.12.2016;3,6;;;;;;;;
24.12.2016;0;;;;;;;;
25.12.2016;6,9;;;;;;;;
26.12.2016;3,1;;;;;;;;
27.12.2016;6,3;;;;;;;;
28.12.2016;0,4;;;;;;;;
29.12.2016;0;;;;;;;;
30.12.2016;0;;;;;;;;
31.12.2016;0;;;;;;;;
01.01.2017;0;;;;;;;;
02.01.2017;0,7;;;;;;;;
03.01.2017;1,2;;;;;;;;
04.01.2017;10,1;;;;;;;;
05.01.2017;0,2;;;;;;;;
06.01.2017;0;;;;;;;;
07.01.2017;0;;;;;;;;
08.01.2017;0,9;;;;;;;;
09.01.2017;0,1;;;;;;;;
10.01.2017;0;;;;;;;;
11.01.2017;0;;;;;;;;
12.01.2017;9,5;;;;;;;;
13.01.2017;3,8;;;;;;;;
14.01.2017;7,2;;;;;;;;
15.01.2017;0,1;;;;;;;;
16.01.2017;0,3;;;;;;;;
17.01.2017;0;;;;;;;;
18.01.2017;0;;;;;;;;
19.01.2017;0;;;;;;;;
20.01.2017;0;;;;;;;;
21.01.2017;0,2;;;;;;;;
22.01.2017;0;;;;;;;;
23.01.2017;0;;;;;;;;
24.01.2017;0;;;;;;;;
25.01.2017;0;;;;;;;;
26.01.2017;0;;;;;;;;
27.01.2017;0;;;;;;;;
28.01.2017;0;;;;;;;;
29.01.2017;0;;;;;;;;
30.01.2017;1,1;;;;;;;;
31.01.2017;9,1;;;;;;;;
01.02.2017;0,7;;;;;;;;
02.02.2017;0;;;;;;;;
03.02.2017;0;;;;;;;;
04.02.2017;0,6;;;;;;;;
05.02.2017;0;;;;;;;;
06.02.2017;0;;;;;;;;
07.02.2017;0,2;;;;;;;;
08.02.2017;0;;;;;;;;
09.02.2017;0;;;;;;;;
10.02.2017;0;;;;;;;;
11.02.2017;0;;;;;;;;
12.02.2017;0,1;;;;;;;;
13.02.2017;0;;;;;;;;
14.02.2017;0;;;;;;;;
15.02.2017;0;;;;;;;;
16.02.2017;0;;;;;;;;
17.02.2017;0,1;;;;;;;;
18.02.2017;1,5;;;;;;;;
19.02.2017;0;;;;;;;;
20.02.2017;1,4;;;;;;;;
21.02.2017;2;;;;;;;;
22.02.2017;0,8;;;;;;;;
23.02.2017;14,8;;;;;;;;
24.02.2017;12,3;;;;;;;;
25.02.2017;1,6;;;;;;;;
26.02.2017;2,4;;;;;;;;
27.02.2017;1,5;;;;;;;;
28.02.2017;0;;;;;;;;
01.03.2017;1,2;;;;;;;;
02.03.2017;1,7;;;;;;;;
03.03.2017;8,1;;;;;;;;
04.03.2017;0;;;;;;;;
05.03.2017;0,7;;;;;;;;
06.03.2017;5,4;;;;;;;;
07.03.2017;0;;;;;;;;
08.03.2017;0;;;;;;;;
09.03.2017;1,3;;;;;;;;
10.03.2017;6,3;;;;;;;;
11.03.2017;0;;;;;;;;
12.03.2017;0;;;;;;;;
13.03.2017;0;;;;;;;;
14.03.2017;0;;;;;;;;
15.03.2017;0,1;;;;;;;;
16.03.2017;0;;;;;;;;
17.03.2017;5,6;;;;;;;;
18.03.2017;7,7;;;;;;;;
19.03.2017;10,2;;;;;;;;
20.03.2017;3,4;;;;;;;;
21.03.2017;0;;;;;;;;
22.03.2017;0;;;;;;;;
23.03.2017;0;;;;;;;;
24.03.2017;0;;;;;;;;
25.03.2017;0;;;;;;;;
26.03.2017;0;;;;;;;;
27.03.2017;0;;;;;;;;
28.03.2017;0,3;;;;;;;;
29.03.2017;1;;;;;;;;
30.03.2017;0;;;;;;;;
31.03.2017;0;;;;;;;;
01.04.2017;1,5;;;;;;;;
02.04.2017;0;;;;;;;;
03.04.2017;0;;;;;;;;
04.04.2017;0;;;;;;;;
05.04.2017;0;;;;;;;;
06.04.2017;0,1;;;;;;;;
07.04.2017;0;;;;;;;;
08.04.2017;0;;;;;;;;
09.04.2017;0;;;;;;;;
10.04.2017;0,9;;;;;;;;
11.04.2017;4;;;;;;;;
12.04.2017;2,1;;;;;;;;
13.04.2017;0,6;;;;;;;;
14.04.2017;4,7;;;;;;;;
15.04.2017;2,7;;;;;;;;
16.04.2017;0,3;;;;;;;;
17.04.2017;1,9;;;;;;;;
18.04.2017;0,9;;;;;;;;
19.04.2017;0;;;;;;;;
20.04.2017;0,4;;;;;;;;
21.04.2017;2,4;;;;;;;;
22.04.2017;0,6;;;;;;;;
23.04.2017;0,4;;;;;;;;
24.04.2017;9,7;;;;;;;;
25.04.2017;0;;;;;;;;
26.04.2017;0,2;;;;;;;;
27.04.2017;0,4;;;;;;;;
28.04.2017;5,9;;;;;;;;
29.04.2017;0;;;;;;;;
30.04.2017;0;;;;;;;;
01.05.2017;0;;;;;;;;
02.05.2017;5,7;;;;;;;;
03.05.2017;0,4;;;;;;;;
04.05.2017;12,2;;;;;;;;
05.05.2017;0;;;;;;;;
06.05.2017;0;;;;;;;;
07.05.2017;0,2;;;;;;;;
08.05.2017;0;;;;;;;;
09.05.2017;0,3;;;;;;;;
10.05.2017;0;;;;;;;;
11.05.2017;0,1;;;;;;;;
12.05.2017;0;;;;;;;;
13.05.2017;0;;;;;;;;
14.05.2017;4,1;;;;;;;;
15.05.2017;6,2;;;;;;;;
16.05.2017;3;;;;;;;;
17.05.2017;0;;;;;;;;
18.05.2017;6,1;;;;;;;;
19.05.2017;3,3;;;;;;;;
20.05.2017;0;;;;;;;;
21.05.2017;0;;;;;;;;
22.05.2017;0;;;;;;;;
23.05.2017;4,7;;;;;;;;
24.05.2017;0;;;;;;;;
25.05.2017;0;;;;;;;;
26.05.2017;0;;;;;;;;
27.05.2017;0;;;;;;;;
28.05.2017;0;;;;;;;;
29.05.2017;20,5;;;;;;;;
30.05.2017;0;;;;;;;;
31.05.2017;0;;;;;;;;
01.06.2017;0;;;;;;;;
02.06.2017;0,5;;;;;;;;
03.06.2017;22;;;;;;;;
04.06.2017;0;;;;;;;;
05.06.2017;0;;;;;;;;
06.06.2017;3;;;;;;;;
07.06.2017;1,1;;;;;;;;
08.06.2017;1;;;;;;;;
09.06.2017;12,1;;;;;;;;
10.06.2017;0;;;;;;;;
11.06.2017;4,8;;;;;;;;
12.06.2017;0;;;;;;;;
13.06.2017;0;;;;;;;;
14.06.2017;0;;;;;;;;
15.06.2017;9,5;;;;;;;;
16.06.2017;0;;;;;;;;
17.06.2017;0;;;;;;;;
18.06.2017;0;;;;;;;;
19.06.2017;0;;;;;;;;
20.06.2017;0;;;;;;;;
21.06.2017;7,9;;;;;;;;
22.06.2017;3,6;;;;;;;;
23.06.2017;0,7;;;;;;;;
24.06.2017;7,2;;;;;;;;
25.06.2017;0;;;;;;;;
26.06.2017;0;;;;;;;;
27.06.2017;0;;;;;;;;
28.06.2017;4,4;;;;;;;;
29.06.2017;69,1;;;;;;;;
30.06.2017;12,5;;;;;;;;
01.07.2017;0,2;;;;;;;;
02.07.2017;0;;;;;;;;
03.07.2017;2,5;;;;;;;;
04.07.2017;1,8;;;;;;;;
05.07.2017;0;;;;;;;;
06.07.2017;0,4;;;;;;;;
07.07.2017;0,6;;;;;;;;
08.07.2017;0;;;;;;;;
09.07.2017;8,5;;;;;;;;
10.07.2017;5;;;;;;;;
11.07.2017;10,6;;;;;;;;
12.07.2017;1,3;;;;;;;;
13.07.2017;0;;;;;;;;
14.07.2017;0,1;;;;;;;;
15.07.2017;0;;;;;;;;
16.07.2017;0,6;;;;;;;;
17.07.2017;0;;;;;;;;
18.07.2017;0;;;;;;;;
19.07.2017;8,9;;;;;;;;
20.07.2017;0,3;;;;;;;;
21.07.2017;4,8;;;;;;;;
22.07.2017;8,3;;;;;;;;
23.07.2017;0;;;;;;;;
24.07.2017;12,1;;;;;;;;
25.07.2017;14,7;;;;;;;;
26.07.2017;0;;;;;;;;
27.07.2017;0,8;;;;;;;;
28.07.2017;11;;;;;;;;
29.07.2017;1,4;;;;;;;;
30.07.2017;1,2;;;;;;;;
31.07.2017;0,2;;;;;;;;
01.08.2017;0,9;;;;;;;;
02.08.2017;4;;;;;;;;
03.08.2017;1,5;;;;;;;;
04.08.2017;0;;;;;;;;
05.08.2017;1,2;;;;;;;;
06.08.2017;0;;;;;;;;
07.08.2017;0;;;;;;;;
08.08.2017;2;;;;;;;;
09.08.2017;0;;;;;;;;
10.08.2017;5,2;;;;;;;;
11.08.2017;7,1;;;;;;;;
12.08.2017;1;;;;;;;;
13.08.2017;0;;;;;;;;
14.08.2017;0;;;;;;;;
15.08.2017;3,5;;;;;;;;
16.08.2017;0;;;;;;;;
17.08.2017;5,6;;;;;;;;
18.08.2017;3,9;;;;;;;;
19.08.2017;6,6;;;;;;;;
20.08.2017;6,6;;;;;;;;
21.08.2017;0;;;;;;;;
22.08.2017;0;;;;;;;;
23.08.2017;1,1;;;;;;;;
24.08.2017;0;;;;;;;;
25.08.2017;0;;;;;;;;
26.08.2017;0;;;;;;;;
27.08.2017;0;;;;;;;;
28.08.2017;0;;;;;;;;
29.08.2017;0;;;;;;;;
30.08.2017;0,9;;;;;;;;
31.08.2017;0;;;;;;;;
01.09.2017;0;;;;;;;;
02.09.2017;0;;;;;;;;
03.09.2017;0;;;;;;;;
04.09.2017;0;;;;;;;;
05.09.2017;29,1;;;;;;;;
06.09.2017;3,8;;;;;;;;
07.09.2017;3,5;;;;;;;;
08.09.2017;19,2;;;;;;;;
09.09.2017;0,6;;;;;;;;
10.09.2017;0;;;;;;;;
11.09.2017;3,5;;;;;;;;
12.09.2017;10,4;;;;;;;;
13.09.2017;0;;;;;;;;
14.09.2017;0,2;;;;;;;;
15.09.2017;0;;;;;;;;
16.09.2017;0;;;;;;;;
17.09.2017;0;;;;;;;;
18.09.2017;0;;;;;;;;
19.09.2017;0,7;;;;;;;;
20.09.2017;0,2;;;;;;;;
21.09.2017;0;;;;;;;;
22.09.2017;0;;;;;;;;
23.09.2017;0,4;;;;;;;;
24.09.2017;0,4;;;;;;;;
25.09.2017;0,1;;;;;;;;
26.09.2017;0;;;;;;;;
27.09.2017;9,6;;;;;;;;
28.09.2017;1,1;;;;;;;;
29.09.2017;0;;;;;;;;
30.09.2017;7,2;;;;;;;;
01.10.2017;7,4;;;;;;;;
02.10.2017;0,8;;;;;;;;
03.10.2017;0,8;;;;;;;;
04.10.2017;28;;;;;;;;
05.10.2017;8,3;;;;;;;;
06.10.2017;3,6;;;;;;;;
07.10.2017;6;;;;;;;;
08.10.2017;0;;;;;;;;
09.10.2017;2,8;;;;;;;;
10.10.2017;1,9;;;;;;;;
11.10.2017;1,2;;;;;;;;
12.10.2017;0;;;;;;;;
13.10.2017;0;;;;;;;;
14.10.2017;0;;;;;;;;
15.10.2017;0;;;;;;;;
16.10.2017;0;;;;;;;;
17.10.2017;0;;;;;;;;
18.10.2017;0;;;;;;;;
19.10.2017;1,8;;;;;;;;
20.10.2017;3,3;;;;;;;;
21.10.2017;1,5;;;;;;;;
22.10.2017;15,4;;;;;;;;
23.10.2017;0,6;;;;;;;;
24.10.2017;3,2;;;;;;;;
25.10.2017;0;;;;;;;;
26.10.2017;0,1;;;;;;;;
27.10.2017;0,1;;;;;;;;
28.10.2017;7,5;;;;;;;;
29.10.2017;0;;;;;;;;
30.10.2017;0,1;;;;;;;;
31.10.2017;5,1;;;;;;;;
01.11.2017;8,9;;;;;;;;
02.11.2017;0;;;;;;;;
03.11.2017;0;;;;;;;;
04.11.2017;5,2;;;;;;;;
05.11.2017;0;;;;;;;;
06.11.2017;0;;;;;;;;
07.11.2017;0;;;;;;;;
08.11.2017;0;;;;;;;;
09.11.2017;6,4;;;;;;;;
10.11.2017;12,1;;;;;;;;
11.11.2017;0,3;;;;;;;;
12.11.2017;0;;;;;;;;
13.11.2017;0,3;;;;;;;;
14.11.2017;0,9;;;;;;;;
15.11.2017;0;;;;;;;;
16.11.2017;0,2;;;;;;;;
17.11.2017;5,6;;;;;;;;
18.11.2017;3,5;;;;;;;;
19.11.2017;0;;;;;;;;
20.11.2017;0,1;;;;;;;;
21.11.2017;6,1;;;;;;;;
22.11.2017;0,1;;;;;;;;
23.11.2017;6,5;;;;;;;;
24.11.2017;0;;;;;;;;
25.11.2017;0;;;;;;;;
26.11.2017;2;;;;;;;;
27.11.2017;4,2;;;;;;;;
28.11.2017;2,6;;;;;;;;
29.11.2017;0,1;;;;;;;;
30.11.2017;0,3;;;;;;;;
01.12.2017;0;;;;;;;;
02.12.2017;5;;;;;;;;
03.12.2017;0,3;;;;;;;;
04.12.2017;2,5;;;;;;;;
05.12.2017;0,5;;;;;;;;
06.12.2017;0;;;;;;;;
07.12.2017;6,7;;;;;;;;
08.12.2017;0,9;;;;;;;;
09.12.2017;0,3;;;;;;;;
10.12.2017;1,7;;;;;;;;
11.12.2017;7,2;;;;;;;;
12.12.2017;0,5;;;;;;;;
13.12.2017;10,4;;;;;;;;
14.12.2017;0,5;;;;;;;;
15.12.2017;0;;;;;;;;
16.12.2017;0;;;;;;;;
17.12.2017;0;;;;;;;;
18.12.2017;0,7;;;;;;;;
19.12.2017;0,3;;;;;;;;
20.12.2017;0,2;;;;;;;;
21.12.2017;0;;;;;;;;
22.12.2017;0,1;;;;;;;;
23.12.2017;1;;;;;;;;
24.12.2017;0,3;;;;;;;;
25.12.2017;1,6;;;;;;;;
26.12.2017;0,2;;;;;;;;
27.12.2017;0,4;;;;;;;;
28.12.2017;0,1;;;;;;;;
29.12.2017;1,3;;;;;;;;
30.12.2017;5,4;;;;;;;;
31.12.2017;9,9;;;;;;;;
01.01.2018;0;;;;;;;;
02.01.2018;13;;;;;;;;
03.01.2018;11,4;;;;;;;;
04.01.2018;3;;;;;;;;
05.01.2018;5,4;;;;;;;;
06.01.2018;0;;;;;;;;
07.01.2018;0;;;;;;;;
08.01.2018;0;;;;;;;;
09.01.2018;0;;;;;;;;
10.01.2018;2,5;;;;;;;;
11.01.2018;4,6;;;;;;;;
12.01.2018;0,1;;;;;;;;
13.01.2018;0;;;;;;;;
14.01.2018;0;;;;;;;;
15.01.2018;4,9;;;;;;;;
16.01.2018;1,9;;;;;;;;
17.01.2018;16,1;;;;;;;;
18.01.2018;1,2;;;;;;;;
19.01.2018;0,7;;;;;;;;
20.01.2018;0;;;;;;;;
21.01.2018;0;;;;;;;;
22.01.2018;1,8;;;;;;;;
23.01.2018;1,7;;;;;;;;
24.01.2018;1,8;;;;;;;;
25.01.2018;0,5;;;;;;;;
26.01.2018;0;;;;;;;;
27.01.2018;0,8;;;;;;;;
28.01.2018;4;;;;;;;;
29.01.2018;6,2;;;;;;;;
30.01.2018;3,7;;;;;;;;
31.01.2018;1,4;;;;;;;;
01.02.2018;0,2;;;;;;;;
02.02.2018;0,4;;;;;;;;
03.02.2018;1,3;;;;;;;;
04.02.2018;0,2;;;;;;;;
05.02.2018;0;;;;;;;;
06.02.2018;0;;;;;;;;
07.02.2018;0;;;;;;;;
08.02.2018;0;;;;;;;;
09.02.2018;0;;;;;;;;
10.02.2018;1,9;;;;;;;;
11.02.2018;0,7;;;;;;;;
12.02.2018;3;;;;;;;;
13.02.2018;0;;;;;;;;
14.02.2018;0,1;;;;;;;;
15.02.2018;1,4;;;;;;;;
16.02.2018;0;;;;;;;;
17.02.2018;0;;;;;;;;
18.02.2018;0;;;;;;;;
19.02.2018;0;;;;;;;;
20.02.2018;0;;;;;;;;
21.02.2018;0;;;;;;;;
22.02.2018;0,1;;;;;;;;
23.02.2018;0;;;;;;;;
24.02.2018;3,3;;;;;;;;
25.02.2018;8,1;;;;;;;;
26.02.2018;11,4;;;;;;;;
27.02.2018;0;;;;;;;;
28.02.2018;0;;;;;;;;
01.03.2018;0;;;;;;;;
02.03.2018;0;;;;;;;;
03.03.2018;0;;;;;;;;
04.03.2018;1,2;;;;;;;;
05.03.2018;0;;;;;;;;
06.03.2018;5,2;;;;;;;;
07.03.2018;3,4;;;;;;;;
08.03.2018;4,8;;;;;;;;
09.03.2018;0,5;;;;;;;;
10.03.2018;0,6;;;;;;;;
11.03.2018;17,7;;;;;;;;
12.03.2018;7;;;;;;;;
13.03.2018;0;;;;;;;;
14.03.2018;0;;;;;;;;
15.03.2018;0;;;;;;;;
16.03.2018;0,5;;;;;;;;
17.03.2018;0;;;;;;;;
18.03.2018;0;;;;;;;;
19.03.2018;0,5;;;;;;;;
20.03.2018;0;;;;;;;;
21.03.2018;1,9;;;;;;;;
22.03.2018;0,3;;;;;;;;
23.03.2018;0;;;;;;;;
24.03.2018;0;;;;;;;;
25.03.2018;0;;;;;;;;
26.03.2018;0;;;;;;;;
27.03.2018;0,1;;;;;;;;
28.03.2018;14,1;;;;;;;;
29.03.2018;0;;;;;;;;
30.03.2018;0,6;;;;;;;;
31.03.2018;11,3;;;;;;;;
01.04.2018;0;;;;;;;;
02.04.2018;3,6;;;;;;;;
03.04.2018;0;;;;;;;;
04.04.2018;3,6;;;;;;;;
05.04.2018;0,4;;;;;;;;
06.04.2018;0;;;;;;;;
07.04.2018;0;;;;;;;;
08.04.2018;0;;;;;;;;
09.04.2018;0;;;;;;;;
10.04.2018;0;;;;;;;;
11.04.2018;0;;;;;;;;
12.04.2018;0;;;;;;;;
13.04.2018;0,4;;;;;;;;
14.04.2018;0,4;;;;;;;;
15.04.2018;3;;;;;;;;
16.04.2018;2,4;;;;;;;;
17.04.2018;0;;;;;;;;
18.04.2018;0;;;;;;;;
19.04.2018;0;;;;;;;;
20.04.2018;0;;;;;;;;
21.04.2018;0;;;;;;;;
22.04.2018;0;;;;;;;;
23.04.2018;0;;;;;;;;
24.04.2018;4,7;;;;;;;;
25.04.2018;3,8;;;;;;;;
26.04.2018;0,6;;;;;;;;
27.04.2018;0;;;;;;;;
28.04.2018;0;;;;;;;;
29.04.2018;0;;;;;;;;
30.04.2018;1;;;;;;;;
01.05.2018;0,9;;;;;;;;
02.05.2018;0;;;;;;;;
03.05.2018;0;;;;;;;;
04.05.2018;0;;;;;;;;
05.05.2018;0;;;;;;;;
06.05.2018;0;;;;;;;;
07.05.2018;0;;;;;;;;
08.05.2018;0;;;;;;;;
09.05.2018;0;;;;;;;;
10.05.2018;16,2;;;;;;;;
11.05.2018;0;;;;;;;;
12.05.2018;0;;;;;;;;
13.05.2018;0;;;;;;;;
14.05.2018;0;;;;;;;;
15.05.2018;0;;;;;;;;
16.05.2018;0;;;;;;;;
17.05.2018;0;;;;;;;;
18.05.2018;1,1;;;;;;;;
19.05.2018;0,2;;;;;;;;
20.05.2018;0;;;;;;;;
21.05.2018;0;;;;;;;;
22.05.2018;0;;;;;;;;
23.05.2018;0;;;;;;;;
24.05.2018;0;;;;;;;;
25.05.2018;0;;;;;;;;
26.05.2018;0;;;;;;;;
27.05.2018;11,4;;;;;;;;
28.05.2018;0;;;;;;;;
29.05.2018;0;;;;;;;;
30.05.2018;0;;;;;;;;
31.05.2018;0;;;;;;;;
01.06.2018;0;;;;;;;;
02.06.2018;0,6;;;;;;;;
03.06.2018;0;;;;;;;;
04.06.2018;0;;;;;;;;
05.06.2018;0;;;;;;;;
06.06.2018;0;;;;;;;;
07.06.2018;0;;;;;;;;
08.06.2018;0;;;;;;;;
09.06.2018;0;;;;;;;;
10.06.2018;0;;;;;;;;
11.06.2018;0;;;;;;;;
12.06.2018;0,4;;;;;;;;
13.06.2018;0;;;;;;;;
14.06.2018;0,7;;;;;;;;
15.06.2018;0;;;;;;;;
16.06.2018;8,6;;;;;;;;
17.06.2018;0,3;;;;;;;;
18.06.2018;0,1;;;;;;;;
19.06.2018;0;;;;;;;;
20.06.2018;4,8;;;;;;;;
21.06.2018;5,7;;;;;;;;
22.06.2018;0,1;;;;;;;;
23.06.2018;3,3;;;;;;;;
24.06.2018;0,4;;;;;;;;
25.06.2018;0;;;;;;;;
26.06.2018;0;;;;;;;;
27.06.2018;0;;;;;;;;
28.06.2018;0;;;;;;;;
29.06.2018;0;;;;;;;;
30.06.2018;0;;;;;;;;
01.07.2018;0;;;;;;;;
02.07.2018;0;;;;;;;;
03.07.2018;0;;;;;;;;
04.07.2018;0;;;;;;;;
05.07.2018;0;;;;;;;;
06.07.2018;0;;;;;;;;
07.07.2018;0;;;;;;;;
08.07.2018;0;;;;;;;;
09.07.2018;0,1;;;;;;;;
10.07.2018;6,5;;;;;;;;
11.07.2018;14,6;;;;;;;;
12.07.2018;7,7;;;;;;;;
13.07.2018;0;;;;;;;;
14.07.2018;0;;;;;;;;
15.07.2018;0;;;;;;;;
16.07.2018;0;;;;;;;;
17.07.2018;0;;;;;;;;
18.07.2018;0;;;;;;;;
19.07.2018;0;;;;;;;;
20.07.2018;0;;;;;;;;
21.07.2018;0;;;;;;;;
22.07.2018;0;;;;;;;;
23.07.2018;0;;;;;;;;
24.07.2018;0;;;;;;;;
25.07.2018;0;;;;;;;;
26.07.2018;0;;;;;;;;
27.07.2018;0;;;;;;;;
28.07.2018;4,4;;;;;;;;
29.07.2018;0;;;;;;;;
30.07.2018;0;;;;;;;;
31.07.2018;3,3;;;;;;;;
01.08.2018;0;;;;;;;;
02.08.2018;0;;;;;;;;
03.08.2018;0;;;;;;;;
04.08.2018;0;;;;;;;;
05.08.2018;0;;;;;;;;
06.08.2018;0;;;;;;;;
07.08.2018;0;;;;;;;;
08.08.2018;0;;;;;;;;
09.08.2018;8,2;;;;;;;;
10.08.2018;0,8;;;;;;;;
11.08.2018;4,3;;;;;;;;
12.08.2018;0;;;;;;;;
13.08.2018;1,6;;;;;;;;
14.08.2018;1,4;;;;;;;;
15.08.2018;0;;;;;;;;
16.08.2018;0;;;;;;;;
17.08.2018;0,1;;;;;;;;
18.08.2018;0;;;;;;;;
19.08.2018;0,6;;;;;;;;
20.08.2018;0,9;;;;;;;;
21.08.2018;0;;;;;;;;
22.08.2018;0;;;;;;;;
23.08.2018;0;;;;;;;;
24.08.2018;0,1;;;;;;;;
25.08.2018;3;;;;;;;;
26.08.2018;0,1;;;;;;;;
27.08.2018;0,3;;;;;;;;
28.08.2018;0;;;;;;;;
29.08.2018;3,8;;;;;;;;
30.08.2018;13,5;;;;;;;;
31.08.2018;0,5;;;;;;;;
01.09.2018;0;;;;;;;;
02.09.2018;0;;;;;;;;
03.09.2018;0,6;;;;;;;;
04.09.2018;0;;;;;;;;
05.09.2018;0;;;;;;;;
06.09.2018;3;;;;;;;;
07.09.2018;3,4;;;;;;;;
08.09.2018;0;;;;;;;;
09.09.2018;0;;;;;;;;
10.09.2018;0,5;;;;;;;;
11.09.2018;1,1;;;;;;;;
12.09.2018;0,6;;;;;;;;
13.09.2018;0;;;;;;;;
14.09.2018;0;;;;;;;;
15.09.2018;4,3;;;;;;;;
16.09.2018;0;;;;;;;;
17.09.2018;0;;;;;;;;
18.09.2018;0;;;;;;;;
19.09.2018;0;;;;;;;;
20.09.2018;0;;;;;;;;
21.09.2018;5,2;;;;;;;;
22.09.2018;1,7;;;;;;;;
23.09.2018;0,4;;;;;;;;
24.09.2018;0,5;;;;;;;;
25.09.2018;0;;;;;;;;
26.09.2018;0;;;;;;;;
27.09.2018;0,6;;;;;;;;
28.09.2018;0;;;;;;;;
29.09.2018;0;;;;;;;;
30.09.2018;0,1;;;;;;;;
01.10.2018;0,1;;;;;;;;
02.10.2018;4,2;;;;;;;;
03.10.2018;0;;;;;;;;
04.10.2018;0,3;;;;;;;;
05.10.2018;0;;;;;;;;
06.10.2018;0,8;;;;;;;;
07.10.2018;0;;;;;;;;
08.10.2018;0;;;;;;;;
09.10.2018;0;;;;;;;;
10.10.2018;0;;;;;;;;
11.10.2018;0;;;;;;;;
12.10.2018;0;;;;;;;;
13.10.2018;0;;;;;;;;
14.10.2018;0;;;;;;;;
15.10.2018;0;;;;;;;;
16.10.2018;0;;;;;;;;
17.10.2018;0;;;;;;;;
18.10.2018;0,1;;;;;;;;
19.10.2018;0;;;;;;;;
20.10.2018;0;;;;;;;;
21.10.2018;0,8;;;;;;;;
22.10.2018;0,1;;;;;;;;
23.10.2018;4,5;;;;;;;;
24.10.2018;0,2;;;;;;;;
25.10.2018;0,8;;;;;;;;
26.10.2018;5,5;;;;;;;;
27.10.2018;1;;;;;;;;
28.10.2018;0,7;;;;;;;;
29.10.2018;0;;;;;;;;
30.10.2018;1,5;;;;;;;;
31.10.2018;0;;;;;;;;
01.11.2018;0;;573;mm/m^2;entspricht:;573 l/m^2;;18,4;km^2
02.11.2018;0;;;;;;;18400000;m^2
03.11.2018;0;;Niederschlag im Einzugsgebiet im Jahr;;;;;;
04.11.2018;0;;10543200000;Liter;;;;;
05.11.2018;0;;10.543.200;m^3;;;;;
06.11.2018;0;;;;;;;;
07.11.2018;0;;;;;;;;
08.11.2018;0;;;;;;;;
09.11.2018;0,5;;;;;;;;
10.11.2018;0,9;;;;;;;;
11.11.2018;2,9;;;;;;;;
12.11.2018;2,6;;;;;;;;
13.11.2018;1,1;;;;;;;;
14.11.2018;0;;;;;;;;
15.11.2018;0;;;;;;;;
16.11.2018;0;;;;;;;;
17.11.2018;0;;;;;;;;
18.11.2018;1,3;;;;;;;;
19.11.2018;0;;;;;;;;
20.11.2018;0;;;;;;;;
21.11.2018;0;;;;;;;;
22.11.2018;0;;;;;;;;
23.11.2018;0;;;;;;;;
24.11.2018;0;;;;;;;;
25.11.2018;0;;;;;;;;
26.11.2018;0;;;;;;;;
27.11.2018;0;;;;;;;;
28.11.2018;0,3;;;;;;;;
29.11.2018;2,8;;;;;;;;
30.11.2018;0;;;;;;;;
01.12.2018;0,1;;;;;;;;
02.12.2018;8;;;;;;;;
03.12.2018;13;;;;;;;;
04.12.2018;0;;;;;;;;
05.12.2018;0,2;;;;;;;;
06.12.2018;1;;;;;;;;
07.12.2018;8,4;;;;;;;;
08.12.2018;14,1;;;;;;;;
09.12.2018;1;;;;;;;;
10.12.2018;0,2;;;;;;;;
11.12.2018;0,5;;;;;;;;
12.12.2018;0,1;;;;;;;;
13.12.2018;0;;;;;;;;
14.12.2018;0;;;;;;;;
15.12.2018;0;;;;;;;;
16.12.2018;0;;;;;;;;
17.12.2018;1,1;;;;;;;;
18.12.2018;0,1;;;;;;;;
19.12.2018;0;;;;;;;;
20.12.2018;0,5;;;;;;;;
21.12.2018;8,5;;;;;;;;
22.12.2018;1;;;;;;;;
23.12.2018;6;;;;;;;;
24.12.2018;0;;;;;;;;
25.12.2018;0;;;;;;;;
26.12.2018;0,3;;;;;;;;
27.12.2018;0,5;;;;;;;;
28.12.2018;0,4;;;;;;;;
29.12.2018;3,3;;;;;;;;
30.12.2018;0;;;;;;;;
31.12.2018;0,7;;;;;;;;
01.01.2019;0,5;;;;;;;;
02.01.2019;0;;;;;;;;
03.01.2019;0;;;;;;;;
04.01.2019;1,1;;;;;;;;
05.01.2019;0;;;;;;;;
06.01.2019;1,3;;;;;;;;
07.01.2019;8,2;;;;;;;;
08.01.2019;6,6;;;;;;;;
09.01.2019;1,2;;;;;;;;
10.01.2019;0,9;;;;;;;;
11.01.2019;0;;;;;;;;
12.01.2019;3,7;;;;;;;;
13.01.2019;5,1;;;;;;;;
14.01.2019;0,1;;;;;;;;
15.01.2019;4;;;;;;;;
16.01.2019;2,7;;;;;;;;
17.01.2019;6,5;;;;;;;;
18.01.2019;0;;;;;;;;
19.01.2019;0;;;;;;;;
20.01.2019;0;;;;;;;;
21.01.2019;0,1;;;;;;;;
22.01.2019;0;;;;;;;;
23.01.2019;0;;;;;;;;
24.01.2019;0;;;;;;;;
25.01.2019;0,8;;;;;;;;
26.01.2019;2,9;;;;;;;;
27.01.2019;3,1;;;;;;;;
28.01.2019;0,1;;;;;;;;
29.01.2019;0;;;;;;;;
30.01.2019;0;;;;;;;;
31.01.2019;0;;;;;;;;
01.02.2019;0;;;;;;;;
02.02.2019;0,8;;;;;;;;
03.02.2019;0;;;;;;;;
04.02.2019;0,1;;;;;;;;
05.02.2019;0;;;;;;;;
06.02.2019;6,8;;;;;;;;
07.02.2019;0,4;;;;;;;;
08.02.2019;2;;;;;;;;
09.02.2019;0,8;;;;;;;;
10.02.2019;12;;;;;;;;
11.02.2019;0;;;;;;;;
12.02.2019;0;;;;;;;;
13.02.2019;0,1;;;;;;;;
14.02.2019;0;;;;;;;;
15.02.2019;0;;;;;;;;
16.02.2019;0;;;;;;;;
17.02.2019;0;;;;;;;;
18.02.2019;0,1;;;;;;;;
19.02.2019;0,7;;;;;;;;
20.02.2019;0,6;;;;;;;;
21.02.2019;0,9;;;;;;;;
22.02.2019;0;;;;;;;;
23.02.2019;0;;;;;;;;
24.02.2019;0;;;;;;;;
25.02.2019;0;;;;;;;;
26.02.2019;0;;;;;;;;
27.02.2019;0;;;;;;;;
28.02.2019;0;;;;;;;;
01.03.2019;0;;;;;;;;
02.03.2019;0,1;;;;;;;;
03.03.2019;3,9;;;;;;;;
04.03.2019;6;;;;;;;;
05.03.2019;0,3;;;;;;;;
06.03.2019;2,1;;;;;;;;
07.03.2019;3,6;;;;;;;;
08.03.2019;4;;;;;;;;
09.03.2019;9,3;;;;;;;;
10.03.2019;0,9;;;;;;;;
11.03.2019;6,5;;;;;;;;
12.03.2019;1;;;;;;;;
13.03.2019;3;;;;;;;;
14.03.2019;5;;;;;;;;
15.03.2019;2,2;;;;;;;;
16.03.2019;5,9;;;;;;;;
17.03.2019;2,5;;;;;;;;
18.03.2019;2,2;;;;;;;;
19.03.2019;0;;;;;;;;
20.03.2019;0,2;;;;;;;;
21.03.2019;0;;;;;;;;
22.03.2019;0;;;;;;;;
23.03.2019;0;;;;;;;;
24.03.2019;1,2;;;;;;;;
25.03.2019;2,9;;;;;;;;
26.03.2019;0,6;;;;;;;;
27.03.2019;1,6;;;;;;;;
28.03.2019;0;;;;;;;;
29.03.2019;0;;;;;;;;
30.03.2019;0;;;;;;;;
31.03.2019;0;;;;;;;;
01.04.2019;0;;;;;;;;
02.04.2019;0;;;;;;;;
03.04.2019;1,2;;;;;;;;
04.04.2019;0;;;;;;;;
05.04.2019;0;;;;;;;;
06.04.2019;0;;;;;;;;
07.04.2019;0;;;;;;;;
09.04.2019;0;;;;;;;;
10.04.2019;0;;;;;;;;
11.04.2019;0;;;;;;;;
12.04.2019;0;;;;;;;;
13.04.2019;0;;;;;;;;
14.04.2019;0,1;;;;;;;;
15.04.2019;0;;;;;;;;
16.04.2019;0;;;;;;;;
17.04.2019;0;;;;;;;;
18.04.2019;0;;;;;;;;
19.04.2019;0;;;;;;;;
20.04.2019;0;;;;;;;;
21.04.2019;0;;;;;;;;
22.04.2019;0;;;;;;;;
23.04.2019;0;;;;;;;;
24.04.2019;0,1;;;;;;;;
25.04.2019;0;;;;;;;;
26.04.2019;0,3;;;;;;;;
27.04.2019;0,3;;;;;;;;
28.04.2019;0,3;;;;;;;;
29.04.2019;1,5;;;;;;;;
30.04.2019;0;;;;;;;;
01.05.2019;0;;;;;;;;
02.05.2019;0,9;;;;;;;;
03.05.2019;1,7;;;;;;;;
04.05.2019;0,1;;;;;;;;
05.05.2019;0,1;;;;;;;;
06.05.2019;0,8;;;;;;;;
07.05.2019;0;;;;;;;;
08.05.2019;7,1;;;;;;;;
09.05.2019;3,5;;;;;;;;
10.05.2019;0,5;;;;;;;;
11.05.2019;0;;;;;;;;
12.05.2019;0;;;;;;;;
13.05.2019;0;;;;;;;;
14.05.2019;0;;;;;;;;
15.05.2019;0;;;;;;;;
16.05.2019;3,8;;;;;;;;
17.05.2019;0;;;;;;;;
18.05.2019;3,3;;;;;;;;
19.05.2019;0;;;;;;;;
20.05.2019;0,1;;;;;;;;
21.05.2019;1,5;;;;;;;;
22.05.2019;0;;;;;;;;
23.05.2019;0;;;;;;;;
24.05.2019;0;;;;;;;;
25.05.2019;0;;;;;;;;
26.05.2019;9,1;;;;;;;;
27.05.2019;0;;;;;;;;
28.05.2019;0;;;;;;;;
29.05.2019;0;;;;;;;;
30.05.2019;1,1;;;;;;;;
31.05.2019;0;;;;;;;;
01.06.2019;0;;;;;;;;
02.06.2019;0;;;;;;;;
03.06.2019;3,8;;;;;;;;
04.06.2019;0,9;;;;;;;;
05.06.2019;1,2;;;;;;;;
06.06.2019;7,1;;;;;;;;
07.06.2019;8,1;;;;;;;;
08.06.2019;0;;;;;;;;
09.06.2019;0,1;;;;;;;;
10.06.2019;0,1;;;;;;;;
11.06.2019;16,1;;;;;;;;
12.06.2019;17,2;;;;;;;;
13.06.2019;2,2;;;;;;;;
14.06.2019;2,2;;;;;;;;
15.06.2019;29,8;;;;;;;;
16.06.2019;0,5;;;;;;;;
17.06.2019;0;;;;;;;;
18.06.2019;0;;;;;;;;
19.06.2019;1,1;;;;;;;;
20.06.2019;7,5;;;;;;;;
21.06.2019;0;;;;;;;;
22.06.2019;0;;;;;;;;
23.06.2019;0;;;;;;;;
24.06.2019;0;;;;;;;;
25.06.2019;0;;;;;;;;
26.06.2019;0;;;;;;;;
27.06.2019;0;;;;;;;;
28.06.2019;0;;;;;;;;
29.06.2019;0;;;;;;;;
30.06.2019;0;;;;;;;;
01.07.2019;1,4;;;;;;;;
02.07.2019;0,1;;;;;;;;
03.07.2019;0;;;;;;;;
04.07.2019;0,3;;;;;;;;
05.07.2019;1,1;;;;;;;;
06.07.2019;0,3;;;;;;;;
07.07.2019;0;;;;;;;;
08.07.2019;0,1;;;;;;;;
09.07.2019;0;;;;;;;;
10.07.2019;0;;;;;;;;
15.07.2019;0;;;;;;;;
16.07.2019;0;;;;;;;;
17.07.2019;0;;;;;;;;
18.07.2019;0;;;;;;;;
19.07.2019;0;;;;;;;;
20.07.2019;0,9;;;;;;;;
21.07.2019;0;;;;;;;;
22.07.2019;0,1;;;;;;;;
23.07.2019;0;;;;;;;;
24.07.2019;0;;;;;;;;
25.07.2019;0;;;;;;;;
26.07.2019;0;;;;;;;;
27.07.2019;0;;;;;;;;
28.07.2019;0;;;;;;;;
29.07.2019;0,7;;;;;;;;
30.07.2019;4,6;;;;;;;;
31.07.2019;21,4;;;;;;;;
01.08.2019;0,1;;;;;;;;
02.08.2019;0;;;;;;;;
03.08.2019;0,1;;;;;;;;
04.08.2019;0;;;;;;;;
05.08.2019;0;;;;;;;;
06.08.2019;0;;;;;;;;
07.08.2019;2,1;;;;;;;;
08.08.2019;9,3;;;;;;;;
09.08.2019;1,8;;;;;;;;
10.08.2019;0,3;;;;;;;;
11.08.2019;0;;;;;;;;
12.08.2019;1,2;;;;;;;;
13.08.2019;1,4;;;;;;;;
14.08.2019;1,4;;;;;;;;
15.08.2019;8,1;;;;;;;;
16.08.2019;0,4;;;;;;;;
17.08.2019;6;;;;;;;;
18.08.2019;0,2;;;;;;;;
19.08.2019;0;;;;;;;;
20.08.2019;7,6;;;;;;;;
21.08.2019;0;;;;;;;;
22.08.2019;0;;;;;;;;
23.08.2019;0;;;;;;;;
24.08.2019;0;;;;;;;;
25.08.2019;0;;;;;;;;
26.08.2019;0;;;;;;;;
27.08.2019;3,4;;;;;;;;
28.08.2019;0;;;;;;;;
29.08.2019;2,8;;;;;;;;
30.08.2019;0;;;;;;;;
31.08.2019;0;;;;;;;;
01.09.2019;0;;;;;;;;
02.09.2019;1,7;;;;;;;;
03.09.2019;0,2;;;;;;;;
04.09.2019;1;;;;;;;;
05.09.2019;3,9;;;;;;;;
06.09.2019;0;;;;;;;;
07.09.2019;0,2;;;;;;;;
08.09.2019;0;;;;;;;;
09.09.2019;16,1;;;;;;;;
10.09.2019;0;;;;;;;;
11.09.2019;1,8;;;;;;;;
12.09.2019;1;;;;;;;;
13.09.2019;2,8;;;;;;;;
14.09.2019;0;;;;;;;;
15.09.2019;1,2;;;;;;;;
16.09.2019;0,6;;;;;;;;
17.09.2019;3,2;;;;;;;;
18.09.2019;0,3;;;;;;;;
19.09.2019;0;;;;;;;;
20.09.2019;0;;;;;;;;
21.09.2019;0;;;;;;;;
22.09.2019;0;;;;;;;;
23.09.2019;0;;;;;;;;
24.09.2019;0;;;;;;;;
25.09.2019;1,2;;;;;;;;
26.09.2019;8,7;;;;;;;;
27.09.2019;0,3;;;;;;;;
28.09.2019;1,9;;;;;;;;
29.09.2019;16,2;;;;;;;;
30.09.2019;7;;;;;;;;
01.10.2019;10,9;;;;;;;;
02.10.2019;1,6;;;;;;;;
03.10.2019;0,3;;;;;;;;
04.10.2019;4,9;;;;;;;;
05.10.2019;1,4;;;;;;;;
06.10.2019;0;;;;;;;;
07.10.2019;1,8;;;;;;;;
08.10.2019;2,9;;;;;;;;
09.10.2019;0,1;;;;;;;;
10.10.2019;3;;;;;;;;
11.10.2019;2,4;;;;;;;;
12.10.2019;2,5;;;;;;;;
13.10.2019;2,4;;;;;;;;
14.10.2019;0;;;;;;;;
15.10.2019;5,6;;;;;;;;
16.10.2019;6,2;;;;;;;;
17.10.2019;2,3;;;;;;;;
18.10.2019;3,4;;;;;;;;
19.10.2019;1;;;;;;;;
20.10.2019;13;;;;;;;;
21.10.2019;0,6;;;;;;;;
22.10.2019;0;;;;;;;;
23.10.2019;0;;;;;;;;
24.10.2019;0;;;;;;;;
25.10.2019;0;;;;;;;;
26.10.2019;0,5;;;;;;;;
27.10.2019;0,1;;;;;;;;
28.10.2019;3,7;;;;;;;;
29.10.2019;0;;;;;;;;
30.10.2019;0;;;;;;;;
31.10.2019;0;;;;;;;;
01.11.2019;5,9;;;;;;;;
02.11.2019;6,3;;;;;;;;
03.11.2019;1,4;;;;;;;;
04.11.2019;8,4;;;;;;;;
05.11.2019;5,3;;;;;;;;
06.11.2019;1,8;;;;;;;;
07.11.2019;1,4;;;;;;;;
08.11.2019;0,3;;;;;;;;
09.11.2019;0,9;;;;;;;;
10.11.2019;0;;;;;;;;
11.11.2019;0;;;;;;;;
12.11.2019;0;;;;;;;;
13.11.2019;0;;;;;;;;
14.11.2019;0;;;;;;;;
15.11.2019;0;;;;;;;;
16.11.2019;12,9;;;;;;;;
17.11.2019;0;;;;;;;;
18.11.2019;3,6;;;;;;;;
19.11.2019;0,8;;;;;;;;
20.11.2019;2,2;;;;;;;;
21.11.2019;2,2;;;;;;;;
22.11.2019;0;;;;;;;;
23.11.2019;0;;;;;;;;
24.11.2019;0;;;;;;;;
25.11.2019;0,1;;;;;;;;
26.11.2019;0;;;;;;;;
27.11.2019;2;;;;;;;;
28.11.2019;4,9;;;;;;;;
29.11.2019;0;;;;;;;;
30.11.2019;0;;;;;;;;
01.12.2019;0,5;;;;;;;;
02.12.2019;0,1;;;;;;;;
03.12.2019;0,3;;;;;;;;
04.12.2019;0;;;;;;;;
05.12.2019;0,1;;;;;;;;
06.12.2019;4,8;;;;;;;;
07.12.2019;0,6;;;;;;;;
08.12.2019;2,5;;;;;;;;
09.12.2019;0,3;;;;;;;;
10.12.2019;0,7;;;;;;;;
11.12.2019;7,1;;;;;;;;
12.12.2019;0,4;;;;;;;;
13.12.2019;1,9;;;;;;;;
14.12.2019;0,8;;;;;;;;
15.12.2019;1,5;;;;;;;;
16.12.2019;0;;;;;;;;
17.12.2019;4,6;;;;;;;;
18.12.2019;0;;;;;;;;
19.12.2019;0;;;;;;;;
20.12.2019;1,9;;;;;;;;
21.12.2019;0;;;;;;;;
22.12.2019;2,8;;;;;;;;
23.12.2019;0,9;;;;;;;;
24.12.2019;5,4;;;;;;;;
25.12.2019;1,6;;;;;;;;
26.12.2019;0,1;;;;;;;;
27.12.2019;0,4;;;;;;;;
28.12.2019;0;;;;;;;;
29.12.2019;0;;;;;;;;
30.12.2019;0;;;;;;;;
31.12.2019;0;;;;;;;;
01.01.2020;0;;;;;;;;
02.01.2020;0;;;;;;;;
03.01.2020;6,6;;;;;;;;
04.01.2020;4,6;;;;;;;;
05.01.2020;0,2;;;;;;;;
06.01.2020;0,9;;;;;;;;
07.01.2020;0,1;;;;;;;;
08.01.2020;0,8;;;;;;;;
09.01.2020;8,6;;;;;;;;
10.01.2020;1,8;;;;;;;;
11.01.2020;0;;;;;;;;
12.01.2020;3,4;;;;;;;;
13.01.2020;1;;;;;;;;
14.01.2020;2,1;;;;;;;;
15.01.2020;0,7;;;;;;;;
16.01.2020;0;;;;;;;;
17.01.2020;0,7;;;;;;;;
18.01.2020;0;;;;;;;;
19.01.2020;0;;;;;;;;
20.01.2020;0;;;;;;;;
21.01.2020;0;;;;;;;;
22.01.2020;0,1;;;;;;;;
23.01.2020;0;;;;;;;;
24.01.2020;0;;;;;;;;
25.01.2020;0;;;;;;;;
26.01.2020;0;;;;;;;;
27.01.2020;3,6;;;;;;;;
28.01.2020;4,6;;;;;;;;
29.01.2020;23,3;;;;;;;;
30.01.2020;4,3;;;;;;;;
31.01.2020;1,6;;;;;;;;
01.02.2020;2,9;;;;;;;;
02.02.2020;0,9;;;;;;;;
03.02.2020;3,6;;;;;;;;
04.02.2020;0,6;;;;;;;;
05.02.2020;0;;;;;;;;
06.02.2020;0,3;;;;;;;;
07.02.2020;0,1;;;;;;;;
08.02.2020;0;;;;;;;;
09.02.2020;15;;;;;;;;
10.02.2020;10,7;;;;;;;;
11.02.2020;21,5;;;;;;;;
12.02.2020;4,7;;;;;;;;
13.02.2020;5,5;;;;;;;;
14.02.2020;0,1;;;;;;;;
15.02.2020;0;;;;;;;;
16.02.2020;3,8;;;;;;;;
17.02.2020;1;;;;;;;;
18.02.2020;1,3;;;;;;;;
19.02.2020;1,4;;;;;;;;
20.02.2020;6,4;;;;;;;;
21.02.2020;0,8;;;;;;;;
22.02.2020;8,9;;;;;;;;
23.02.2020;8,4;;;;;;;;
24.02.2020;12,6;;;;;;;;
25.02.2020;0,6;;;;;;;;
26.02.2020;3,5;;;;;;;;
27.02.2020;0;;;;;;;;
28.02.2020;5,1;;;;;;;;
29.02.2020;4;;;;;;;;
01.03.2020;0,3;;;;;;;;
02.03.2020;1,1;;;;;;;;
03.03.2020;3,9;;;;;;;;
04.03.2020;0;;;;;;;;
05.03.2020;0,3;;;;;;;;
06.03.2020;2,1;;;;;;;;
07.03.2020;0;;;;;;;;
08.03.2020;0,7;;;;;;;;
09.03.2020;2,7;;;;;;;;
10.03.2020;12,5;;;;;;;;
11.03.2020;1,5;;;;;;;;
12.03.2020;0,9;;;;;;;;
13.03.2020;2,7;;;;;;;;
14.03.2020;0;;;;;;;;
15.03.2020;0;;;;;;;;
16.03.2020;0;;;;;;;;
17.03.2020;0;;;;;;;;
18.03.2020;2,2;;;;;;;;
19.03.2020;0;;;;;;;;
20.03.2020;0;;;;;;;;
21.03.2020;0;;;;;;;;
22.03.2020;0;;;;;;;;
23.03.2020;0;;;;;;;;
24.03.2020;0;;;;;;;;
25.03.2020;0;;;;;;;;
26.03.2020;0;;;;;;;;
27.03.2020;0;;;;;;;;
28.03.2020;1,9;;;;;;;;
29.03.2020;2,9;;;;;;;;
30.03.2020;1,1;;;;;;;;
31.03.2020;0;;;;;;;;
01.04.2020;0,3;;;;;;;;
02.04.2020;0,8;;;;;;;;
03.04.2020;0,2;;;;;;;;
04.04.2020;0;;;;;;;;
05.04.2020;0;;;;;;;;
06.04.2020;0;;;;;;;;
07.04.2020;0;;;;;;;;
08.04.2020;0;;;;;;;;
09.04.2020;0;;;;;;;;
10.04.2020;0;;;;;;;;
11.04.2020;0;;;;;;;;
12.04.2020;0;;;;;;;;
13.04.2020;0;;;;;;;;
14.04.2020;0;;;;;;;;
15.04.2020;0;;;;;;;;
16.04.2020;0;;;;;;;;
17.04.2020;0;;;;;;;;
18.04.2020;0;;;;;;;;
19.04.2020;0;;;;;;;;
20.04.2020;0;;;;;;;;
21.04.2020;0;;;;;;;;
22.04.2020;0;;;;;;;;
23.04.2020;0;;;;;;;;
24.04.2020;0;;;;;;;;
25.04.2020;0;;;;;;;;
26.04.2020;0;;;;;;;;
27.04.2020;0;;;;;;;;
28.04.2020;1,2;;;;;;;;
29.04.2020;0,8;;;;;;;;
30.04.2020;24,3;;;;;;;;
01.05.2020;4,8;;;;;;;;
02.05.2020;0,3;;;;;;;;
03.05.2020;0;;;;;;;;
04.05.2020;0;;;;;;;;
05.05.2020;0;;;;;;;;
06.05.2020;0;;;;;;;;
07.05.2020;0;;;;;;;;
08.05.2020;0;;;;;;;;
09.05.2020;0;;;;;;;;
10.05.2020;1,4;;;;;;;;
11.05.2020;0,4;;;;;;;;
12.05.2020;3,1;;;;;;;;
13.05.2020;1,5;;;;;;;;
14.05.2020;0;;;;;;;;
15.05.2020;0,6;;;;;;;;
16.05.2020;0;;;;;;;;
17.05.2020;0;;;;;;;;
18.05.2020;0;;;;;;;;
19.05.2020;0;;;;;;;;
20.05.2020;0;;;;;;;;
21.05.2020;0;;;;;;;;
22.05.2020;6,1;;;;;;;;
23.05.2020;3,5;;;;;;;;
24.05.2020;0;;;;;;;;
25.05.2020;0;;;;;;;;
26.05.2020;0;;;;;;;;
27.05.2020;0;;;;;;;;
28.05.2020;0;;;;;;;;
29.05.2020;0;;;;;;;;
30.05.2020;0;;;;;;;;
31.05.2020;0;;;;;;;;
01.06.2020;0;;;;;;;;
02.06.2020;0;;;;;;;;
03.06.2020;0,8;;;;;;;;
04.06.2020;9,7;;;;;;;;
05.06.2020;3,9;;;;;;;;
06.06.2020;0,4;;;;;;;;
07.06.2020;0;;;;;;;;
08.06.2020;0;;;;;;;;
09.06.2020;0;;;;;;;;
10.06.2020;0,2;;;;;;;;
11.06.2020;1,4;;;;;;;;
12.06.2020;2,1;;;;;;;;
13.06.2020;20,7;;;;;;;;
14.06.2020;0;;;;;;;;
15.06.2020;0;;;;;;;;
16.06.2020;0;;;;;;;;
17.06.2020;0;;;;;;;;
18.06.2020;0,4;;;;;;;;
19.06.2020;3;;;;;;;;
20.06.2020;0;;;;;;;;
21.06.2020;0;;;;;;;;
22.06.2020;0;;;;;;;;
23.06.2020;0;;;;;;;;
24.06.2020;0;;;;;;;;
25.06.2020;0;;;;;;;;
26.06.2020;0;;;;;;;;
27.06.2020;3,4;;;;;;;;
28.06.2020;3,1;;;;;;;;
29.06.2020;0,3;;;;;;;;
30.06.2020;2,1;;;;;;;;
01.07.2020;13,7;;;;;;;;
02.07.2020;6,3;;;;;;;;
03.07.2020;0,5;;;;;;;;
04.07.2020;3,2;;;;;;;;
05.07.2020;1,2;;;;;;;;
06.07.2020;3,2;;;;;;;;
07.07.2020;1,4;;;;;;;;
08.07.2020;1,5;;;;;;;;
09.07.2020;26;;;;;;;;
10.07.2020;5,6;;;;;;;;
11.07.2020;2,5;;;;;;;;
12.07.2020;0;;;;;;;;
13.07.2020;0;;;;;;;;
14.07.2020;3,4;;;;;;;;
15.07.2020;4,1;;;;;;;;
16.07.2020;0;;;;;;;;
17.07.2020;0;;;;;;;;
18.07.2020;0;;;;;;;;
19.07.2020;0,6;;;;;;;;
20.07.2020;0,3;;;;;;;;
21.07.2020;0,7;;;;;;;;
22.07.2020;0;;;;;;;;
23.07.2020;0;;;;;;;;
24.07.2020;0,3;;;;;;;;
25.07.2020;0,8;;;;;;;;
26.07.2020;3,4;;;;;;;;
27.07.2020;0;;;;;;;;
28.07.2020;0,7;;;;;;;;
29.07.2020;0,1;;;;;;;;
30.07.2020;0;;;;;;;;
31.07.2020;0;;;;;;;;
01.08.2020;0;;;;;;;;
02.08.2020;3,2;;;;;;;;
03.08.2020;0;;;;;;;;
04.08.2020;0;;;;;;;;
05.08.2020;0;;;;;;;;
06.08.2020;0;;;;;;;;
07.08.2020;0;;;;;;;;
08.08.2020;0;;;;;;;;
09.08.2020;0;;;;;;;;
10.08.2020;0;;;;;;;;
11.08.2020;0;;;;;;;;
12.08.2020;0;;;;;;;;
13.08.2020;0;;;;;;;;
14.08.2020;0;;;;;;;;
15.08.2020;0;;;;;;;;
16.08.2020;0;;;;;;;;
17.08.2020;4,7;;;;;;;;
18.08.2020;0,5;;;;;;;;
19.08.2020;0;;;;;;;;
20.08.2020;0;;;;;;;;
21.08.2020;0,4;;;;;;;;
22.08.2020;0,3;;;;;;;;
23.08.2020;2,2;;;;;;;;
24.08.2020;10,5;;;;;;;;
25.08.2020;4,4;;;;;;;;
26.08.2020;10,8;;;;;;;;
27.08.2020;3,8;;;;;;;;
28.08.2020;0,7;;;;;;;;
29.08.2020;0;;;;;;;;
30.08.2020;0;;;;;;;;
31.08.2020;1,7;;;;;;;;
01.09.2020;0;;;;;;;;
02.09.2020;0;;;;;;;;
03.09.2020;6,8;;;;;;;;
04.09.2020;1;;;;;;;;
05.09.2020;1;;;;;;;;
06.09.2020;2;;;;;;;;
07.09.2020;0;;;;;;;;
08.09.2020;0;;;;;;;;
09.09.2020;0,5;;;;;;;;
10.09.2020;0;;;;;;;;
11.09.2020;0;;;;;;;;
12.09.2020;0,3;;;;;;;;
13.09.2020;0;;;;;;;;
14.09.2020;0;;;;;;;;
15.09.2020;0;;;;;;;;
16.09.2020;0;;;;;;;;
17.09.2020;0;;;;;;;;
18.09.2020;0;;;;;;;;
19.09.2020;0;;;;;;;;
20.09.2020;0;;;;;;;;
21.09.2020;0;;;;;;;;
22.09.2020;0;;;;;;;;
23.09.2020;0;;;;;;;;
24.09.2020;0,4;;;;;;;;
25.09.2020;0;;;;;;;;
26.09.2020;16,1;;;;;;;;
27.09.2020;4,4;;;;;;;;
28.09.2020;0;;;;;;;;
29.09.2020;0;;;;;;;;
30.09.2020;0;;;;;;;;
01.10.2020;0;;;;;;;;
02.10.2020;0;;;;;;;;
03.10.2020;0,6;;;;;;;;
04.10.2020;0;;;;;;;;
05.10.2020;5,1;;;;;;;;
06.10.2020;1,8;;;;;;;;
07.10.2020;4;;;;;;;;
08.10.2020;14;;;;;;;;
09.10.2020;0;;;;;;;;
10.10.2020;0,3;;;;;;;;
11.10.2020;9;;;;;;;;
12.10.2020;0;;;;;;;;
13.10.2020;2;;;;;;;;
14.10.2020;0;;;;;;;;
15.10.2020;0;;;;;;;;
16.10.2020;0;;;;;;;;
17.10.2020;1,2;;;;;;;;
18.10.2020;0,1;;;;;;;;
19.10.2020;0,1;;;;;;;;
20.10.2020;1,8;;;;;;;;
21.10.2020;1,9;;;;;;;;
22.10.2020;0,3;;;;;;;;
23.10.2020;0;;;;;;;;
24.10.2020;0;;;;;;;;
25.10.2020;8,9;;;;;;;;
26.10.2020;0,2;;;;;;;;
27.10.2020;1;;;;;;;;
28.10.2020;3;;;;;;;;
29.10.2020;5,9;;;;;;;;
30.10.2020;4,8;;;;;;;;
31.10.2020;0,6;;;;;;;;
01.11.2020;0,6;;;;;;;;
02.11.2020;0,3;;;;;;;;
03.11.2020;0;;;;;;;;
04.11.2020;0;;;;;;;;
05.11.2020;0;;;;;;;;
06.11.2020;0;;;;;;;;
07.11.2020;0;;;;;;;;
08.11.2020;0;;;;;;;;
09.11.2020;0;;;;;;;;
10.11.2020;0;;;;;;;;
11.11.2020;0,3;;;;;;;;
12.11.2020;0,6;;;;;;;;
13.11.2020;0;;;;;;;;
14.11.2020;0;;;;;;;;
15.11.2020;0,9;;;;;;;;
16.11.2020;0,5;;;;;;;;
17.11.2020;0,5;;;;;;;;
18.11.2020;1;;;;;;;;
19.11.2020;0,2;;;;;;;;
20.11.2020;0;;;;;;;;
21.11.2020;1,2;;;;;;;;
22.11.2020;0,7;;;;;;;;
23.11.2020;0,3;;;;;;;;
24.11.2020;0;;;;;;;;
25.11.2020;0;;;;;;;;
26.11.2020;0,2;;;;;;;;
27.11.2020;0;;;;;;;;
28.11.2020;0;;;;;;;;
29.11.2020;0;;;;;;;;
30.11.2020;2,9;;;;;;;;
01.12.2020;0,1;;;;;;;;
02.12.2020;0;;;;;;;;
03.12.2020;0,1;;;;;;;;
04.12.2020;0;;;;;;;;
05.12.2020;0;;;;;;;;
06.12.2020;0;;;;;;;;
07.12.2020;0;;;;;;;;
08.12.2020;0;;;;;;;;
09.12.2020;1,3;;;;;;;;
10.12.2020;0,1;;;;;;;;
11.12.2020;0;;;;;;;;
12.12.2020;1;;;;;;;;
13.12.2020;0,4;;;;;;;;
14.12.2020;2,3;;;;;;;;
15.12.2020;1,6;;;;;;;;
16.12.2020;0;;;;;;;;
17.12.2020;2,5;;;;;;;;
18.12.2020;0;;;;;;;;
19.12.2020;0;;;;;;;;
20.12.2020;0;;;;;;;;
21.12.2020;5,5;;;;;;;;
22.12.2020;3;;;;;;;;
23.12.2020;23,7;;;;;;;;
24.12.2020;4,2;;;;;;;;
25.12.2020;0;;;;;;;;
26.12.2020;0,1;;;;;;;;
27.12.2020;4,5;;;;;;;;
28.12.2020;10,3;;;;;;;;
29.12.2020;0,7;;;;;;;;
30.12.2020;0;;;;;;;;
31.12.2020;0;;;;;;;;
