Name,Alter,Größe
Emily,53,160
Ashley,72,163
Samantha,84,195
Jessica,95,193
Jennifer,74,190
Alyssa,49,180
Alexis,64,193
Sarah,47,175
Hannah,69,158
Elizabeth,98,184
Vanessa,42,197
Jasmine,63,167
Stephanie,89,175
Natalie,56,161
Jacqueline,17,173
Maria,98,193
Brianna,52,184
Madison,76,183
Andrea,60,175
Kimberly,59,186
Lauren,48,169
Michelle,91,198
Victoria,32,168
Destiny,77,188
Nicole,66,184
Melissa,80,171
Leslie,32,161
Kayla,60,180
Amanda,100,191
Sophia,50,182
Taylor,50,185
Megan,81,159
Alexandra,21,155
Isabella,19,182
Emma,79,155
Rachel,63,169
Grace,60,198
Julia,97,160
Abigail,54,189
Katherine,15,158
Diana,39,156
Olivia,45,189
Jocelyn,92,159
Angela,51,158
Sydney,69,173
Hailey,36,188
Daisy,69,180
Chloe,100,172
Rebecca,27,180
Isabel,19,174
Savannah,45,162
Gabriela,75,178
Briana,59,193
Kaitlyn,75,167
Danielle,46,161
Evelyn,93,192
Alejandra,25,198
Anna,42,172
Karina,18,178
Sara,62,165
Alondra,68,193
Adriana,63,195
Haley,60,179
Ariana,99,156
Daniela,60,172
Angelica,43,170
Valerie,44,167
Melanie,75,162
Amy,44,169
Brenda,91,164
Crystal,31,191
Sabrina,46,185
Esmeralda,51,188
Sierra,58,157
Cynthia,33,157
Marissa,56,191
Ana,56,163
Karen,54,198
Erika,41,166
Giselle,46,193
Christina,38,194
Mia,28,192
Amber,57,165
Guadalupe,50,169
Maya,18,195
Tiffany,83,197
Allison,28,174
Catherine,60,184
Mariah,56,169
Monica,72,176
Kelly,81,158
Madeline,39,166
Jasmin,46,180
Daniel,85,191
Anthony,40,191
Jose,72,175
Andrew,92,171
Michael,29,198
Jacob,35,197
Joshua,64,163
Christopher,35,196
David,20,185
Matthew,89,198
Jonathan,97,187
Joseph,30,194
Brandon,82,186
Nicholas,87,190
Ryan,38,161
Christian,57,180
Kevin,73,191
Angel,38,175
Luis,26,172
Juan,69,190
Alexander,14,173
Justin,37,171
Jesus,15,159
Carlos,17,191
Brian,21,189
Nathan,32,173
William,86,183
Gabriel,35,164
John,90,160
Tyler,72,171
Adrian,98,162
Jason,40,158
Bryan,61,194
Ethan,78,158
Robert,44,164
Miguel,79,156
James,51,183
Alejandro,41,178
Eric,53,158
Zachary,54,162
Benjamin,99,185
Dylan,100,186
Samuel,43,161
Noah,29,170
Aaron,85,165
Isaac,27,163
Isaiah,55,175
Sebastian,58,177
Jordan,31,198
Kyle,26,169
Steven,41,159
Eduardo,91,198
Victor,56,174
Jorge,32,183
Julian,76,179
Oscar,61,178
Thomas,88,186
Cameron,37,158
Austin,59,191
Richard,84,176
Ricardo,38,177
Francisco,55,196
Alex,73,183
Diego,50,187
Fernando,34,167
Adam,19,193
Jack,41,163
Alexis,37,180
Antonio,65,187
Elijah,91,189
Jesse,40,176
Sean,33,169
Manuel,85,178
Andres,53,197
Jared,20,186
Cesar,40,160
Ivan,87,179
Nathaniel,92,191
Evan,74,170
Omar,14,169
Mark,72,179
Sergio,23,194
Javier,95,160
Cristian,93,184
Hunter,28,188
Edgar,41,172
Connor,49,185
Ian,74,178
Timothy,97,188
Gerardo,41,159
Mario,21,173
Hector,80,172
Roberto,92,163
Cole,86,181
Erick,74,182
Logan,84,186
Erik,23,159
Vincent,87,183
Ruben,36,176
Luke,88,182
Alan,34,173
Edward,79,158
Andy,75,172
Caleb,35,177
Jeremy,67,172
Charles,62,169
Marco,32,176
Joel,29,173
Seth,41,194
Patrick,18,160
Martin,79,181
Trevor,42,190
Jake,42,181
Cody,15,165
Raymond,87,173
Devin,82,177
Nicolas,74,170
Armando,64,189
Mason,84,184
Abraham,48,192
Garrett,81,180
